freq_MHz,pri_us,pw_us,doa_deg,amp_dB,toa_us,Emitter_ID
9498.36,2399.9,36.87,55.24,-49.99,667417.22,1
9498.08,3837.0,36.87,56.19,-50.49,669817.12,2
9497.89,2399.9,36.87,56.05,-49.84,673654.12,1
9497.78,3837.0,36.87,56.31,-50.1,676054.02,2
9498.73,2399.9,36.87,56.06,-50.59,679891.01,1
9499.12,3837.0,36.87,54.14,-48.95,682290.91,2
9498.55,2399.9,36.87,55.07,-48.94,686127.91,1
9498.35,3837.0,36.87,55.78,-51.23,688527.81,2
9498.44,2399.9,36.87,55.46,-51.45,692364.8,1
9497.98,3837.0,36.87,55.71,-50.0,694764.7,2
9498.07,2399.9,36.87,57.37,-49.37,698601.7,1
9498.07,3837.0,36.87,55.26,-48.88,701001.6,2
9498.55,2399.9,36.87,58.82,-49.8,704838.59,1
9498.98,3837.0,36.87,56.63,-49.98,707238.49,2
9497.41,2399.9,36.87,56.89,-50.91,711075.49,1
9497.9,3837.0,36.87,56.12,-50.34,713475.39,2
9497.38,2399.9,36.87,55.37,-49.14,717312.38,1
9498.5,3837.0,36.87,56.87,-49.89,719712.28,2
9498.49,2399.9,36.87,56.41,-50.24,723549.28,1
9498.74,3837.0,36.87,55.92,-50.84,725949.18,2
8481.39,5609.81,4.26,50.52,-50.62,2023413.22,3
8481.99,5609.81,4.26,49.21,-52.57,2029023.03,3
8482.66,5609.81,4.26,52.46,-52.83,2034632.85,3
8482.66,5609.81,4.26,53.01,-54.05,2040242.66,3
8481.76,5609.81,4.26,50.07,-53.57,2045852.47,3
8482.95,5609.81,4.26,51.7,-52.81,2051462.29,3
11426.28,4634.77,8.98,231.4,-78.37,2053022.62,4
8481.32,5609.81,4.26,50.48,-55.14,2057072.1,3
11426.6,4634.77,8.98,230.66,-74.36,2057657.4,4
11426.3,4634.77,8.98,231.34,-76.03,2062292.17,4
8482.82,5609.81,4.26,52.76,-52.52,2062681.91,3
11425.91,4634.77,8.98,230.78,-76.26,2066926.94,4
8481.74,5609.81,4.26,52.65,-53.55,2068291.73,3
11426.4,4634.77,8.98,230.81,-77.09,2071561.72,4
9938.52,4473.02,19.08,268.1,-56.84,2073366.41,5
8481.63,5609.81,4.26,50.2,-53.73,2073901.54,3
11425.78,4634.77,8.98,232.22,-75.02,2076196.49,4
9938.58,4473.02,19.08,268.12,-56.79,2077839.42,5
8482.26,5609.81,4.26,51.01,-54.71,2079511.35,3
11426.14,4634.77,8.98,231.85,-77.1,2080831.27,4
9938.85,4473.02,19.08,266.63,-57.68,2082312.44,5
8482.84,5609.81,4.26,51.02,-54.02,2085121.17,3
11426.4,4634.77,8.98,231.82,-77.18,2085466.04,4
9937.64,4473.02,19.08,268.9,-56.92,2086785.46,5
11425.07,4634.77,8.98,230.05,-77.14,2090100.82,4
8482.79,5609.81,4.26,49.99,-54.93,2090730.98,3
9937.56,4473.02,19.08,268.44,-57.65,2091258.48,5
11426.54,4634.77,8.98,232.82,-76.91,2094735.59,4
9937.92,4473.02,19.08,269.31,-55.96,2095731.5,5
8482.87,5609.81,4.26,53.06,-53.76,2096340.79,3
11425.76,4634.77,8.98,231.53,-76.46,2099370.37,4
9938.62,4473.02,19.08,269.74,-57.75,2100204.52,5
8482.21,5609.81,4.26,50.02,-53.3,2101950.61,3
11426.42,4634.77,8.98,230.75,-75.52,2104005.14,4
9938.09,4473.02,19.08,271.46,-55.86,2104677.54,5
8482.0,5609.81,4.26,51.07,-52.89,2107560.42,3
11425.84,4634.77,8.98,232.12,-76.74,2108639.92,4
9937.87,4473.02,19.08,270.67,-57.26,2109150.56,5
8481.68,5609.81,4.26,50.81,-55.11,2113170.23,3
11425.65,4634.77,8.98,233.18,-75.41,2113274.69,4
9937.76,4473.02,19.08,270.49,-58.18,2113623.58,5
11425.06,4634.77,8.98,230.82,-75.27,2117909.46,4
9937.14,4473.02,19.08,270.03,-56.85,2118096.6,5
8482.06,5609.81,4.26,51.08,-53.07,2118780.05,3
11425.36,4634.77,8.98,232.04,-75.8,2122544.24,4
9938.16,4473.02,19.08,268.73,-57.11,2122569.62,5
8482.35,5609.81,4.26,52.07,-54.84,2124389.86,3
9937.86,4473.02,19.08,268.46,-57.26,2127042.63,5
11425.61,4634.77,8.98,231.26,-78.56,2127179.01,4
8481.49,5609.81,4.26,51.7,-55.34,2129999.67,3
9937.89,4473.02,19.08,268.26,-57.42,2131515.65,5
11426.84,4634.77,8.98,230.96,-75.67,2131813.79,4
9936.84,4473.02,19.08,269.77,-56.48,2135988.67,5
11426.27,4634.77,8.98,232.63,-76.9,2136448.56,4
9938.05,4473.02,19.08,269.33,-56.6,2140461.69,5
11426.06,4634.77,8.98,231.83,-75.6,2141083.34,4
9937.73,4473.02,19.08,268.56,-56.34,2144934.71,5
9938.2,4473.02,19.08,271.13,-55.25,2149407.73,5
9938.56,4473.02,19.08,268.33,-57.44,2153880.75,5
9937.59,4473.02,19.08,269.37,-59.61,2158353.77,5
11831.29,2701.21,34.81,192.59,-68.64,2193352.9,6
11829.89,2701.21,34.81,192.36,-71.36,2196054.11,6
11830.54,2701.21,34.81,193.68,-69.88,2198755.32,6
11831.11,2701.21,34.81,192.15,-69.73,2201456.53,6
11830.24,2701.21,34.81,193.26,-69.45,2204157.75,6
11830.79,2701.21,34.81,191.83,-70.84,2206858.96,6
11830.15,2701.21,34.81,192.66,-69.87,2209560.17,6
11830.86,2701.21,34.81,192.05,-71.55,2212261.38,6
11831.58,2701.21,34.81,191.77,-69.12,2214962.59,6
11830.52,2701.21,34.81,193.15,-69.95,2217663.81,6
11830.31,2701.21,34.81,193.36,-70.39,2220365.02,6
11831.08,2701.21,34.81,193.47,-69.35,2223066.23,6
11830.25,2701.21,34.81,192.66,-71.14,2225767.44,6
11830.32,2701.21,34.81,191.86,-68.64,2228468.65,6
11830.53,2701.21,34.81,193.07,-70.18,2231169.86,6
11830.6,2701.21,34.81,195.36,-70.25,2233871.08,6
11830.18,2701.21,34.81,193.43,-72.48,2236572.29,6
11830.53,2701.21,34.81,192.53,-70.95,2239273.5,6
11830.76,2701.21,34.81,192.95,-71.76,2241974.71,6
11830.18,2701.21,34.81,190.01,-69.66,2244675.92,6
8422.31,4563.31,11.59,234.01,-49.58,2304049.71,7
8422.45,4563.31,11.59,233.71,-49.73,2308613.01,7
8971.03,2459.35,30.92,207.63,-65.72,2308725.43,8
8969.44,2459.35,30.92,208.64,-64.81,2311184.78,8
8422.81,4563.31,11.59,233.44,-49.0,2313176.32,7
8970.19,2459.35,30.92,210.02,-66.29,2313644.13,8
8970.86,2459.35,30.92,207.48,-66.6,2316103.47,8
8422.29,4563.31,11.59,232.54,-48.11,2317739.62,7
8969.72,2459.35,30.92,209.34,-65.08,2318562.82,8
8970.43,2459.35,30.92,209.13,-65.45,2321022.17,8
8422.91,4563.31,11.59,236.36,-50.06,2322302.93,7
8969.34,2459.35,30.92,209.83,-65.89,2323481.51,8
8969.48,2459.35,30.92,209.79,-64.53,2325940.86,8
8422.55,4563.31,11.59,233.94,-48.03,2326866.23,7
8968.53,2459.35,30.92,209.61,-65.84,2328400.21,8
8970.11,2459.35,30.92,209.0,-64.27,2330859.56,8
8422.41,4563.31,11.59,232.9,-47.81,2331429.54,7
8969.3,2459.35,30.92,207.02,-64.52,2333318.9,8
8969.22,2459.35,30.92,207.67,-65.55,2335778.25,8
8422.5,4563.31,11.59,234.95,-48.26,2335992.84,7
8969.52,2459.35,30.92,210.07,-64.68,2338237.6,8
8422.64,4563.31,11.59,233.9,-49.41,2340556.15,7
8969.69,2459.35,30.92,208.36,-65.28,2340696.95,8
8969.72,2459.35,30.92,209.81,-66.44,2343156.29,8
8422.65,4563.31,11.59,234.94,-49.82,2345119.45,7
8969.44,2459.35,30.92,209.76,-64.32,2345615.64,8
8970.12,2459.35,30.92,209.33,-66.06,2348074.99,8
8422.71,4563.31,11.59,232.95,-50.01,2349682.76,7
8969.84,2459.35,30.92,208.15,-66.39,2350534.33,8
8970.39,2459.35,30.92,209.65,-65.92,2352993.68,8
8422.64,4563.31,11.59,232.11,-46.96,2354246.06,7
8970.05,2459.35,30.92,210.53,-66.01,2355453.03,8
8422.06,4563.31,11.59,234.03,-47.85,2358809.37,7
8422.23,4563.31,11.59,231.77,-49.47,2363372.67,7
8422.22,4563.31,11.59,231.8,-48.74,2367935.98,7
8422.76,4563.31,11.59,235.21,-50.14,2372499.29,7
8421.86,4563.31,11.59,233.67,-49.11,2377062.59,7
8423.12,4563.31,11.59,235.48,-47.81,2381625.9,7
8422.8,4563.31,11.59,234.87,-49.66,2386189.2,7
8422.74,4563.31,11.59,232.88,-48.96,2390752.51,7
11888.34,4434.11,18.13,54.0,-73.28,2450633.86,9
11889.35,4434.11,18.13,54.15,-74.14,2455067.97,9
11888.21,4434.11,18.13,56.26,-74.38,2459502.08,9
11887.61,4434.11,18.13,53.18,-74.35,2463936.19,9
11887.8,4434.11,18.13,56.46,-72.53,2468370.3,9
11887.5,4434.11,18.13,53.74,-74.22,2472804.41,9
11888.72,4434.11,18.13,54.51,-74.94,2477238.51,9
11887.99,4434.11,18.13,53.82,-73.69,2481672.62,9
11887.67,4434.11,18.13,53.94,-73.13,2486106.73,9
11887.64,4434.11,18.13,53.0,-74.2,2490540.84,9
11887.84,4434.11,18.13,54.96,-73.98,2494974.95,9
11888.01,4434.11,18.13,54.39,-75.03,2499409.06,9
11888.06,4434.11,18.13,55.33,-75.27,2503843.17,9
11888.02,4434.11,18.13,55.49,-73.79,2508277.28,9
11888.68,4434.11,18.13,53.88,-76.13,2512711.39,9
11888.12,4434.11,18.13,54.81,-72.93,2517145.5,9
11753.36,5484.82,38.54,240.04,-41.54,2520573.72,10
11888.62,4434.11,18.13,54.99,-73.53,2521579.61,9
11887.93,4434.11,18.13,53.23,-74.18,2526013.71,9
11753.29,5484.82,38.54,237.69,-42.85,2526058.53,10
11888.51,4434.11,18.13,55.11,-73.46,2530447.82,9
11753.29,5484.82,38.54,240.5,-40.32,2531543.35,10
11887.81,4434.11,18.13,54.18,-73.81,2534881.93,9
11753.19,5484.82,38.54,239.21,-41.52,2537028.17,10
11753.11,5484.82,38.54,239.82,-41.01,2542512.99,10
11753.59,5484.82,38.54,239.59,-40.26,2547997.8,10
11753.66,5484.82,38.54,238.87,-39.92,2553482.62,10
11753.03,5484.82,38.54,239.73,-41.22,2558967.44,10
11752.76,5484.82,38.54,239.49,-42.46,2564452.26,10
11753.07,5484.82,38.54,237.79,-39.8,2569937.08,10
11753.74,5484.82,38.54,238.53,-40.15,2575421.89,10
8997.42,3641.53,38.02,28.87,-68.3,2579502.91,2
11753.67,5484.82,38.54,240.3,-40.36,2580906.71,10
8997.33,3641.53,38.02,29.08,-68.38,2583144.44,2
11753.59,5484.82,38.54,238.75,-40.49,2586391.53,10
8997.01,3641.53,38.02,28.39,-68.82,2586785.97,2
8996.99,3641.53,38.02,28.99,-68.85,2590427.5,2
11752.99,5484.82,38.54,238.66,-40.54,2591876.35,10
8995.84,3641.53,38.02,28.06,-68.96,2594069.03,2
11363.72,4931.21,27.57,183.63,-50.15,2595096.9,11
11753.39,5484.82,38.54,240.56,-40.31,2597361.17,10
8997.02,3641.53,38.02,28.17,-68.73,2597710.56,2
11363.26,4931.21,27.57,182.39,-50.0,2600028.11,11
8997.28,3641.53,38.02,25.69,-69.5,2601352.1,2
11753.54,5484.82,38.54,240.05,-37.89,2602845.98,10
11362.69,4931.21,27.57,182.99,-49.65,2604959.31,11
8997.87,3641.53,38.02,27.69,-70.23,2604993.63,2
11752.31,5484.82,38.54,238.71,-39.1,2608330.8,10
8996.63,3641.53,38.02,26.72,-68.46,2608635.16,2
11362.35,4931.21,27.57,184.3,-50.91,2609890.52,11
8996.95,3641.53,38.02,27.05,-68.56,2612276.69,2
11753.04,5484.82,38.54,240.28,-40.35,2613815.62,10
11362.94,4931.21,27.57,181.61,-49.76,2614821.73,11
8997.41,3641.53,38.02,27.45,-69.13,2615918.22,2
11754.27,5484.82,38.54,238.28,-39.36,2619300.44,10
8996.96,3641.53,38.02,28.05,-68.57,2619559.75,2
11363.54,4931.21,27.57,182.5,-51.59,2619752.93,11
8997.55,3641.53,38.02,26.56,-69.34,2623201.29,2
11362.95,4931.21,27.57,184.46,-51.93,2624684.14,11
11754.09,5484.82,38.54,238.38,-39.79,2624785.26,10
8997.56,3641.53,38.02,26.91,-67.18,2626842.82,2
11362.26,4931.21,27.57,182.56,-51.3,2629615.35,11
8997.87,3641.53,38.02,29.11,-69.44,2630484.35,2
8997.21,3641.53,38.02,27.22,-67.64,2634125.88,2
11362.4,4931.21,27.57,180.92,-49.89,2634546.55,11
8998.02,3641.53,38.02,28.59,-68.55,2637767.41,2
11362.98,4931.21,27.57,181.31,-49.03,2639477.76,11
8996.99,3641.53,38.02,28.36,-69.78,2641408.94,2
11363.65,4931.21,27.57,182.26,-49.32,2644408.96,11
8997.44,3641.53,38.02,26.8,-67.94,2645050.48,2
8997.09,3641.53,38.02,27.32,-69.45,2648692.01,2
11362.53,4931.21,27.57,183.19,-51.32,2649340.17,11
11130.07,4268.07,37.18,146.06,-35.35,2654066.32,11
11363.92,4931.21,27.57,182.71,-50.36,2654271.38,11
11129.86,4268.07,37.18,146.78,-36.34,2658334.39,11
11362.47,4931.21,27.57,184.87,-48.6,2659202.58,11
11129.6,4268.07,37.18,144.46,-37.35,2662602.45,11
11363.63,4931.21,27.57,183.97,-51.11,2664133.79,11
11128.72,4268.07,37.18,144.61,-34.52,2666870.52,11
11363.23,4931.21,27.57,183.0,-49.17,2669065.0,11
11128.77,4268.07,37.18,145.19,-37.37,2671138.58,11
11363.37,4931.21,27.57,182.36,-49.53,2673996.2,11
11129.24,4268.07,37.18,145.66,-36.77,2675406.65,11
11363.15,4931.21,27.57,180.24,-49.68,2678927.41,11
11130.09,4268.07,37.18,147.02,-38.32,2679674.71,11
11362.6,4931.21,27.57,182.12,-51.33,2683858.61,11
11129.2,4268.07,37.18,145.55,-34.95,2683942.78,11
11129.31,4268.07,37.18,145.47,-37.23,2688210.84,11
11362.74,4931.21,27.57,183.49,-51.85,2688789.82,11
11128.78,4268.07,37.18,146.94,-37.9,2692478.91,11
11130.71,4268.07,37.18,146.22,-35.39,2696746.97,11
11129.83,4268.07,37.18,145.24,-35.68,2701015.04,11
11129.45,4268.07,37.18,146.04,-36.11,2705283.1,11
11129.07,4268.07,37.18,144.62,-37.06,2709551.17,11
11130.03,4268.07,37.18,144.87,-37.99,2713819.23,11
11129.74,4268.07,37.18,147.01,-35.3,2718087.3,11
11129.24,4268.07,37.18,143.9,-36.21,2722355.36,11
11129.46,4268.07,37.18,144.52,-35.52,2726623.43,11
11130.47,4268.07,37.18,145.71,-35.91,2730891.49,11
11129.07,4268.07,37.18,146.89,-36.15,2735159.56,11
8262.25,5102.11,23.21,158.88,-53.49,2801526.12,12
8262.71,5102.11,23.21,158.52,-53.25,2806628.23,12
8263.25,5102.11,23.21,157.35,-54.14,2811730.34,12
8262.8,5102.11,23.21,159.16,-54.55,2816832.45,12
8262.79,5102.11,23.21,158.7,-54.48,2821934.56,12
8262.47,5102.11,23.21,158.77,-53.91,2827036.67,12
8263.08,5102.11,23.21,157.62,-54.13,2832138.78,12
8262.72,5102.11,23.21,159.49,-54.72,2837240.9,12
8262.95,5102.11,23.21,158.93,-52.13,2842343.01,12
8262.33,5102.11,23.21,158.02,-54.72,2847445.12,12
8262.0,5102.11,23.21,160.44,-55.02,2852547.23,12
8262.43,5102.11,23.21,159.99,-55.53,2857649.34,12
8263.21,5102.11,23.21,157.26,-52.53,2862751.45,12
8261.75,5102.11,23.21,156.92,-54.33,2867853.56,12
8263.32,5102.11,23.21,158.64,-54.12,2872955.67,12
8263.51,5102.11,23.21,160.83,-53.11,2878057.78,12
8616.05,4214.85,27.54,299.24,-43.17,2880882.7,13
8262.52,5102.11,23.21,158.26,-55.07,2883159.89,12
8616.15,4214.85,27.54,300.18,-41.41,2885097.55,13
8262.88,5102.11,23.21,157.04,-53.23,2888262.0,12
8617.06,4214.85,27.54,298.29,-42.08,2889312.39,13
8263.84,5102.11,23.21,159.39,-54.25,2893364.11,12
8616.03,4214.85,27.54,299.91,-39.57,2893527.24,13
8616.73,4214.85,27.54,301.01,-39.94,2897742.08,13
8263.1,5102.11,23.21,160.3,-52.21,2898466.22,12
8617.14,4214.85,27.54,299.67,-43.18,2901956.93,13
8616.57,4214.85,27.54,299.55,-43.43,2906171.78,13
8616.7,4214.85,27.54,300.38,-40.14,2910386.62,13
8616.4,4214.85,27.54,300.39,-42.57,2914601.47,13
8617.02,4214.85,27.54,299.99,-43.08,2918816.31,13
8616.57,4214.85,27.54,300.5,-41.65,2923031.16,13
8617.1,4214.85,27.54,298.67,-42.75,2927246.01,13
8616.9,4214.85,27.54,299.39,-41.66,2931460.85,13
8615.37,4214.85,27.54,302.83,-42.17,2935675.7,13
8617.18,4214.85,27.54,299.78,-41.49,2939890.54,13
8617.33,4214.85,27.54,301.28,-42.11,2944105.39,13
8616.51,4214.85,27.54,301.12,-39.57,2948320.24,13
8616.68,4214.85,27.54,302.07,-42.15,2952535.08,13
8617.06,4214.85,27.54,301.22,-42.31,2956749.93,13
8616.21,4214.85,27.54,301.26,-42.44,2960964.77,13
8881.34,4733.04,4.73,178.6,-36.12,2961173.15,14
8880.17,4733.04,4.73,176.61,-36.98,2965906.19,14
8880.85,4733.04,4.73,178.56,-36.51,2970639.22,14
8880.94,4733.04,4.73,178.66,-36.72,2975372.26,14
8880.98,4733.04,4.73,179.11,-36.43,2980105.29,14
8881.5,4733.04,4.73,177.6,-36.96,2984838.33,14
8880.55,4733.04,4.73,177.42,-38.13,2989571.36,14
8880.98,4733.04,4.73,178.67,-37.04,2994304.4,14
8880.62,4733.04,4.73,178.26,-36.62,2999037.44,14
8879.99,4733.04,4.73,178.28,-37.35,3003770.47,14
8881.11,4733.04,4.73,176.9,-35.94,3008503.51,14
8880.84,4733.04,4.73,178.52,-37.84,3013236.54,14
8881.0,4733.04,4.73,178.3,-36.23,3017969.58,14
9175.09,5237.44,40.7,328.77,-35.32,3022684.8,15
8880.01,4733.04,4.73,178.43,-37.03,3022702.61,14
8880.64,4733.04,4.73,177.85,-37.8,3027435.65,14
9174.86,5237.44,40.7,329.0,-36.47,3027922.24,15
8880.82,4733.04,4.73,176.44,-36.47,3032168.68,14
9173.79,5237.44,40.7,327.27,-36.48,3033159.69,15
8880.49,4733.04,4.73,178.38,-37.07,3036901.72,14
10659.97,2701.49,45.81,138.13,-60.5,3037835.41,16
9173.94,5237.44,40.7,328.73,-37.18,3038397.13,15
10660.44,2701.49,45.81,136.41,-59.86,3040536.9,16
8880.47,4733.04,4.73,178.12,-39.47,3041634.75,14
10660.82,2701.49,45.81,137.05,-58.49,3043238.38,16
9173.47,5237.44,40.7,329.12,-37.06,3043634.58,15
10659.27,2701.49,45.81,140.01,-59.37,3045939.87,16
8881.1,4733.04,4.73,179.33,-39.14,3046367.79,14
10660.19,2701.49,45.81,138.11,-58.45,3048641.35,16
9174.41,5237.44,40.7,327.87,-36.98,3048872.02,15
8880.53,4733.04,4.73,177.02,-37.62,3051100.82,14
10659.39,2701.49,45.81,137.92,-59.72,3051342.84,16
10659.3,2701.49,45.81,138.92,-59.41,3054044.32,16
9175.15,5237.44,40.7,328.9,-36.1,3054109.47,15
10660.27,2701.49,45.81,138.11,-59.4,3056745.81,16
9173.73,5237.44,40.7,331.16,-34.8,3059346.91,15
10661.13,2701.49,45.81,137.88,-60.62,3059447.29,16
10659.95,2701.49,45.81,138.43,-58.53,3062148.78,16
9175.05,5237.44,40.7,329.6,-36.63,3064584.35,15
10659.6,2701.49,45.81,138.86,-60.82,3064850.26,16
10660.72,2701.49,45.81,136.61,-59.29,3067551.75,16
9174.59,5237.44,40.7,329.81,-37.27,3069821.8,15
10660.68,2701.49,45.81,138.05,-58.24,3070253.23,16
10660.46,2701.49,45.81,139.22,-58.0,3072954.72,16
9174.15,5237.44,40.7,327.1,-37.42,3075059.24,15
10659.92,2701.49,45.81,138.56,-60.59,3075656.2,16
10660.12,2701.49,45.81,138.75,-58.93,3078357.69,16
9175.2,5237.44,40.7,328.43,-36.96,3080296.69,15
10660.37,2701.49,45.81,137.72,-57.93,3081059.17,16
10660.11,2701.49,45.81,137.46,-58.17,3083760.66,16
9174.53,5237.44,40.7,327.15,-35.7,3085534.13,15
10659.44,2701.49,45.81,138.43,-60.1,3086462.14,16
10660.79,2701.49,45.81,137.67,-58.93,3089163.63,16
9175.0,5237.44,40.7,329.14,-35.0,3090771.58,15
9173.7,5237.44,40.7,330.61,-37.38,3096009.02,15
9173.73,5237.44,40.7,328.53,-34.77,3101246.47,15
9174.36,5237.44,40.7,327.83,-37.94,3106483.91,15
9174.31,5237.44,40.7,326.77,-37.95,3111721.36,15
9175.14,5237.44,40.7,330.09,-36.77,3116958.8,15
9174.13,5237.44,40.7,328.83,-34.3,3122196.25,15
8516.22,5816.2,30.7,241.51,-68.33,3236256.48,17
8517.66,5816.2,30.7,241.93,-67.02,3242072.69,17
8516.72,5816.2,30.7,242.97,-67.54,3247888.89,17
8516.72,5816.2,30.7,240.79,-68.84,3253705.09,17
8517.38,5816.2,30.7,242.69,-69.0,3259521.3,17
8516.47,5816.2,30.7,240.08,-67.12,3265337.5,17
8517.08,5816.2,30.7,241.68,-68.37,3271153.71,17
10942.48,5993.39,46.72,151.91,-46.72,3272354.73,18
8515.55,5816.2,30.7,241.33,-67.23,3276969.91,17
10942.5,5993.39,46.72,152.85,-49.81,3278348.12,18
8517.13,5816.2,30.7,242.14,-68.58,3282786.11,17
10942.03,5993.39,46.72,152.0,-49.28,3284341.51,18
8517.04,5816.2,30.7,241.53,-70.23,3288602.32,17
10942.07,5993.39,46.72,151.12,-47.1,3290334.9,18
8516.63,5816.2,30.7,242.22,-67.45,3294418.52,17
10941.7,5993.39,46.72,151.82,-46.84,3296328.29,18
8515.92,5816.2,30.7,241.69,-68.64,3300234.73,17
10942.55,5993.39,46.72,151.28,-47.47,3302321.68,18
8516.09,5816.2,30.7,242.3,-67.82,3306050.93,17
10942.56,5993.39,46.72,153.04,-48.98,3308315.07,18
11933.99,2562.85,10.9,320.67,-71.52,3308585.1,19
11179.13,4774.73,11.82,243.83,-76.0,3309022.43,4
11934.19,2562.85,10.9,322.03,-70.55,3311147.95,19
8516.49,5816.2,30.7,243.87,-68.89,3311867.13,17
11934.35,2562.85,10.9,321.84,-70.52,3313710.8,19
11179.55,4774.73,11.82,243.75,-74.22,3313797.16,4
10942.63,5993.39,46.72,151.85,-48.25,3314308.46,18
11934.06,2562.85,10.9,322.99,-69.36,3316273.64,19
8516.41,5816.2,30.7,241.34,-69.38,3317683.34,17
11179.69,4774.73,11.82,244.77,-76.59,3318571.89,4
11933.49,2562.85,10.9,321.58,-70.76,3318836.49,19
10941.22,5993.39,46.72,151.49,-46.97,3320301.85,18
11933.95,2562.85,10.9,323.63,-70.56,3321399.34,19
11178.9,4774.73,11.82,245.05,-76.11,3323346.62,4
8516.36,5816.2,30.7,240.38,-68.76,3323499.54,17
11933.68,2562.85,10.9,322.43,-70.52,3323962.18,19
10943.04,5993.39,46.72,152.0,-48.97,3326295.24,18
11934.24,2562.85,10.9,323.64,-70.44,3326525.03,19
11179.71,4774.73,11.82,244.64,-75.38,3328121.34,4
11933.93,2562.85,10.9,319.88,-70.95,3329087.87,19
8516.67,5816.2,30.7,239.53,-68.67,3329315.75,17
11934.74,2562.85,10.9,321.75,-73.03,3331650.72,19
10942.85,5993.39,46.72,151.08,-47.52,3332288.63,18
11179.22,4774.73,11.82,245.25,-76.11,3332896.07,4
11933.84,2562.85,10.9,322.83,-70.24,3334213.57,19
8516.66,5816.2,30.7,242.33,-67.36,3335131.95,17
11933.67,2562.85,10.9,321.27,-71.2,3336776.41,19
11179.59,4774.73,11.82,245.7,-75.42,3337670.8,4
10942.71,5993.39,46.72,150.67,-48.76,3338282.02,18
11933.75,2562.85,10.9,319.81,-70.03,3339339.26,19
8517.06,5816.2,30.7,241.19,-69.3,3340948.15,17
11934.71,2562.85,10.9,320.32,-69.54,3341902.1,19
11179.54,4774.73,11.82,244.04,-75.56,3342445.53,4
10942.83,5993.39,46.72,151.43,-48.71,3344275.41,18
11934.03,2562.85,10.9,323.06,-70.75,3344464.95,19
8516.93,5816.2,30.7,241.26,-69.8,3346764.36,17
11934.15,2562.85,10.9,322.21,-71.58,3347027.8,19
11179.86,4774.73,11.82,245.47,-76.91,3347220.26,4
11934.68,2562.85,10.9,320.71,-71.19,3349590.64,19
10942.19,5993.39,46.72,151.35,-46.3,3350268.8,18
11179.21,4774.73,11.82,245.35,-76.64,3351994.99,4
11934.35,2562.85,10.9,321.33,-70.01,3352153.49,19
9114.77,2842.82,47.91,360.07,-79.04,3353642.6,20
11934.77,2562.85,10.9,322.85,-72.72,3354716.33,19
10942.39,5993.39,46.72,151.64,-47.77,3356262.19,18
9115.4,2842.82,47.91,359.64,-80.15,3356485.42,20
11178.56,4774.73,11.82,244.66,-76.62,3356769.72,4
11934.15,2562.85,10.9,322.86,-72.11,3357279.18,19
9115.39,2842.82,47.91,360.4,-78.97,3359328.24,20
11179.23,4774.73,11.82,243.39,-75.32,3361544.45,4
9115.26,2842.82,47.91,358.45,-79.35,3362171.06,20
10942.09,5993.39,46.72,149.89,-48.9,3362255.58,18
9114.63,2842.82,47.91,359.19,-81.2,3365013.88,20
11178.92,4774.73,11.82,245.98,-76.16,3366319.18,4
9114.22,2842.82,47.91,359.02,-80.11,3367856.7,20
10942.78,5993.39,46.72,151.74,-47.17,3368248.97,18
9115.09,2842.82,47.91,359.08,-79.53,3370699.52,20
11179.23,4774.73,11.82,244.81,-76.57,3371093.9,4
9115.34,2842.82,47.91,358.75,-79.78,3373542.34,20
10942.7,5993.39,46.72,151.54,-48.48,3374242.36,18
11180.47,4774.73,11.82,244.48,-74.86,3375868.63,4
9115.77,2842.82,47.91,359.22,-79.74,3376385.16,20
9115.08,2842.82,47.91,359.05,-80.27,3379227.98,20
10943.09,5993.39,46.72,150.73,-48.98,3380235.75,18
11178.69,4774.73,11.82,245.35,-75.4,3380643.36,4
9114.54,2842.82,47.91,358.45,-78.68,3382070.8,20
9114.72,2842.82,47.91,359.06,-78.86,3384913.62,20
11179.23,4774.73,11.82,244.41,-76.14,3385418.09,4
10942.94,5993.39,46.72,150.32,-45.46,3386229.14,18
9114.9,2842.82,47.91,359.85,-81.1,3387756.44,20
8598.85,2917.01,36.39,231.09,-45.06,3387896.89,8
11179.04,4774.73,11.82,247.38,-75.9,3390192.82,4
9114.97,2842.82,47.91,359.29,-79.53,3390599.26,20
8599.41,2917.01,36.39,230.98,-43.16,3390813.89,8
9114.21,2842.82,47.91,360.42,-80.41,3393442.08,20
8599.22,2917.01,36.39,228.49,-43.82,3393730.9,8
11179.5,4774.73,11.82,246.76,-76.76,3394967.55,4
9115.21,2842.82,47.91,359.22,-78.55,3396284.9,20
8600.99,2917.01,36.39,230.61,-43.95,3396647.91,8
9116.13,2842.82,47.91,357.93,-80.21,3399127.72,20
8600.56,2917.01,36.39,231.4,-43.78,3399564.91,8
11179.26,4774.73,11.82,244.71,-75.97,3399742.28,4
9115.13,2842.82,47.91,358.11,-78.77,3401970.54,20
8599.89,2917.01,36.39,231.06,-45.14,3402481.92,8
9115.46,2842.82,47.91,359.77,-79.32,3404813.36,20
8599.0,2917.01,36.39,232.7,-43.81,3405398.92,8
9115.72,2842.82,47.91,358.06,-79.49,3407656.17,20
8599.72,2917.01,36.39,230.72,-43.22,3408315.93,8
8600.94,2917.01,36.39,231.34,-44.59,3411232.93,8
8599.6,2917.01,36.39,231.88,-44.58,3414149.94,8
8600.1,2917.01,36.39,228.49,-44.23,3417066.94,8
8599.98,2917.01,36.39,232.08,-44.82,3419983.95,8
8598.92,2917.01,36.39,230.55,-45.12,3422900.96,8
8599.6,2917.01,36.39,230.81,-45.32,3425817.96,8
8600.07,2917.01,36.39,230.66,-42.92,3428734.97,8
8598.75,2917.01,36.39,229.8,-43.48,3431651.97,8
10949.33,4048.89,34.33,31.82,-78.9,3432646.78,21
8599.27,2917.01,36.39,230.65,-44.0,3434568.98,8
10949.07,4048.89,34.33,31.21,-76.76,3436695.66,21
8599.75,2917.01,36.39,230.14,-43.85,3437485.98,8
8599.28,2917.01,36.39,231.49,-44.11,3440402.99,8
10949.51,4048.89,34.33,30.09,-77.63,3440744.55,21
8599.75,2917.01,36.39,233.38,-45.11,3443319.99,8
10949.38,4048.89,34.33,29.74,-77.04,3444793.44,21
10950.04,4048.89,34.33,31.84,-79.17,3448842.33,21
10949.48,4048.89,34.33,30.81,-78.84,3452891.21,21
10950.06,4048.89,34.33,31.75,-78.5,3456940.1,21
10949.75,4048.89,34.33,31.98,-76.12,3460988.99,21
10950.11,4048.89,34.33,31.12,-78.77,3465037.88,21
10949.91,4048.89,34.33,31.08,-78.13,3469086.77,21
10949.44,4048.89,34.33,29.24,-79.65,3473135.65,21
10948.76,4048.89,34.33,31.1,-77.77,3477184.54,21
10949.49,4048.89,34.33,30.19,-77.71,3481233.43,21
10949.65,4048.89,34.33,29.18,-77.0,3485282.32,21
10949.89,4048.89,34.33,30.79,-77.08,3489331.2,21
10949.33,4048.89,34.33,31.74,-78.06,3493380.09,21
10950.18,4048.89,34.33,31.26,-78.96,3497428.98,21
10949.99,4048.89,34.33,30.85,-77.89,3501477.87,21
10949.69,4048.89,34.33,30.44,-77.1,3505526.75,21
10950.02,4048.89,34.33,30.56,-79.41,3509575.64,21
9563.55,5877.65,13.65,116.8,-49.26,3546946.25,22
9564.45,5877.65,13.65,116.81,-45.93,3552823.9,22
9564.65,5877.65,13.65,115.68,-48.0,3558701.55,22
9564.59,5877.65,13.65,117.92,-45.94,3564579.2,22
9564.93,5877.65,13.65,116.98,-46.8,3570456.85,22
9564.98,5877.65,13.65,116.77,-46.78,3576334.5,22
9564.16,5877.65,13.65,116.52,-47.11,3582212.15,22
9563.98,5877.65,13.65,116.94,-48.2,3588089.8,22
9564.23,5877.65,13.65,117.52,-47.75,3593967.45,22
9564.33,5877.65,13.65,117.21,-46.71,3599845.09,22
8314.07,3587.69,7.5,247.76,-51.35,3601173.4,23
8313.91,3587.69,7.5,250.02,-51.27,3604761.09,23
9564.26,5877.65,13.65,118.15,-49.26,3605722.74,22
8314.51,3587.69,7.5,248.89,-52.2,3608348.78,23
9565.8,5877.65,13.65,116.2,-46.76,3611600.39,22
8314.86,3587.69,7.5,248.32,-50.67,3611936.48,23
8314.22,3587.69,7.5,249.52,-51.22,3615524.17,23
9563.86,5877.65,13.65,117.71,-46.89,3617478.04,22
8315.41,3587.69,7.5,247.84,-51.42,3619111.86,23
8313.8,3587.69,7.5,247.68,-51.0,3622699.56,23
9564.0,5877.65,13.65,118.14,-47.33,3623355.69,22
8325.06,2339.35,49.35,134.79,-63.32,3625599.13,24
8314.88,3587.69,7.5,251.17,-51.72,3626287.25,23
8326.18,2339.35,49.35,133.13,-61.29,3627938.49,24
9564.6,5877.65,13.65,116.15,-47.19,3629233.34,22
8313.85,3587.69,7.5,248.96,-52.75,3629874.94,23
8325.05,2339.35,49.35,133.38,-60.02,3630277.84,24
8325.78,2339.35,49.35,133.92,-61.2,3632617.19,24
8314.6,3587.69,7.5,247.71,-51.41,3633462.64,23
8454.58,5698.77,43.99,240.13,-67.43,3634444.4,25
8324.67,2339.35,49.35,132.59,-61.63,3634956.54,24
9565.33,5877.65,13.65,118.03,-46.86,3635110.99,22
8314.86,3587.69,7.5,248.1,-50.69,3637050.33,23
8325.62,2339.35,49.35,133.5,-60.3,3637295.89,24
10200.76,2173.65,32.02,216.98,-31.93,3638377.72,26
8325.63,2339.35,49.35,133.49,-59.01,3639635.24,24
8453.79,5698.77,43.99,236.15,-65.91,3640143.17,25
10200.26,2173.65,32.02,217.73,-32.73,3640551.37,26
8314.75,3587.69,7.5,246.34,-52.52,3640638.02,23
9564.1,5877.65,13.65,117.14,-46.97,3640988.64,22
8325.6,2339.35,49.35,133.0,-59.43,3641974.59,24
10200.77,2173.65,32.02,217.33,-31.68,3642725.02,26
8313.53,3587.69,7.5,250.21,-51.73,3644225.72,23
8326.0,2339.35,49.35,135.25,-61.4,3644313.94,24
10200.56,2173.65,32.02,217.38,-32.99,3644898.67,26
8454.54,5698.77,43.99,236.73,-66.49,3645841.95,25
8325.88,2339.35,49.35,131.98,-60.5,3646653.29,24
9564.55,5877.65,13.65,115.99,-46.49,3646866.29,22
10201.82,2173.65,32.02,215.75,-32.19,3647072.32,26
8315.2,3587.69,7.5,246.57,-52.2,3647813.41,23
8325.32,2339.35,49.35,132.08,-60.25,3648992.64,24
10200.52,2173.65,32.02,218.8,-33.67,3649245.97,26
8324.49,2339.35,49.35,131.52,-60.92,3651331.99,24
8314.71,3587.69,7.5,248.39,-51.09,3651401.1,23
10201.17,2173.65,32.02,215.85,-32.78,3651419.62,26
8454.5,5698.77,43.99,237.82,-66.26,3651540.72,25
9563.78,5877.65,13.65,118.7,-47.93,3652743.94,22
10201.13,2173.65,32.02,217.8,-30.81,3653593.27,26
8325.68,2339.35,49.35,134.4,-60.54,3653671.34,24
8313.69,3587.69,7.5,249.58,-50.85,3654988.79,23
10200.14,2173.65,32.02,216.85,-30.97,3655766.92,26
8326.13,2339.35,49.35,134.13,-61.42,3656010.7,24
8453.98,5698.77,43.99,236.38,-66.05,3657239.5,25
10200.06,2173.65,32.02,216.89,-32.43,3657940.57,26
8325.36,2339.35,49.35,133.15,-60.99,3658350.05,24
8314.51,3587.69,7.5,247.52,-51.3,3658576.49,23
9564.47,5877.65,13.65,118.07,-47.42,3658621.59,22
10201.11,2173.65,32.02,215.81,-33.87,3660114.22,26
8324.85,2339.35,49.35,133.77,-61.37,3660689.4,24
8314.17,3587.69,7.5,246.56,-51.67,3662164.18,23
10199.95,2173.65,32.02,217.56,-31.33,3662287.87,26
8454.56,5698.77,43.99,238.33,-68.06,3662938.27,25
8325.53,2339.35,49.35,133.71,-63.74,3663028.75,24
10201.06,2173.65,32.02,216.05,-34.05,3664461.52,26
8324.94,2339.35,49.35,133.32,-61.34,3665368.1,24
8314.24,3587.69,7.5,249.27,-53.86,3665751.87,23
10201.19,2173.65,32.02,215.48,-33.14,3666635.17,26
8325.52,2339.35,49.35,133.73,-59.77,3667707.45,24
8453.52,5698.77,43.99,236.46,-66.33,3668637.05,25
10200.61,2173.65,32.02,216.38,-33.19,3668808.82,26
8314.43,3587.69,7.5,247.05,-51.3,3669339.57,23
8325.55,2339.35,49.35,133.12,-62.89,3670046.8,24
10200.92,2173.65,32.02,215.96,-31.73,3670982.47,26
10201.42,2173.65,32.02,216.69,-31.97,3673156.12,26
8454.53,5698.77,43.99,238.02,-66.16,3674335.82,25
10201.97,2173.65,32.02,215.41,-33.66,3675329.77,26
10201.25,2173.65,32.02,218.53,-32.69,3677503.42,26
10201.77,2173.65,32.02,216.68,-33.11,3679677.07,26
8453.46,5698.77,43.99,237.74,-68.47,3680034.6,25
8453.51,5698.77,43.99,238.47,-67.34,3685733.37,25
8454.5,5698.77,43.99,238.13,-64.37,3691432.15,25
8453.94,5698.77,43.99,236.19,-67.14,3697130.92,25
8453.41,5698.77,43.99,238.57,-67.06,3702829.69,25
8453.83,5698.77,43.99,237.47,-66.36,3708528.47,25
8453.67,5698.77,43.99,238.37,-66.06,3714227.24,25
8453.72,5698.77,43.99,236.67,-67.62,3719926.02,25
8454.25,5698.77,43.99,237.69,-66.47,3725624.79,25
8454.78,5698.77,43.99,237.83,-67.91,3731323.57,25
8454.42,5698.77,43.99,237.65,-66.23,3737022.34,25
8454.43,5698.77,43.99,236.64,-65.72,3742721.12,25
9260.49,4157.97,39.75,225.91,-63.35,3771955.5,27
9261.18,4157.97,39.75,226.54,-64.75,3776113.46,27
9260.91,4157.97,39.75,222.84,-63.14,3780271.43,27
9261.32,4157.97,39.75,223.64,-65.82,3784429.39,27
9260.73,4157.97,39.75,226.11,-64.36,3788587.36,27
9260.76,4157.97,39.75,224.31,-65.11,3792745.32,27
9260.19,4157.97,39.75,224.11,-65.13,3796903.29,27
9261.5,4157.97,39.75,225.16,-64.89,3801061.25,27
9262.32,4157.97,39.75,224.66,-62.9,3805219.22,27
9261.97,4157.97,39.75,223.75,-63.99,3809377.18,27
9260.9,4157.97,39.75,224.72,-63.51,3813535.15,27
9260.85,4157.97,39.75,224.82,-64.23,3817693.11,27
9260.97,4157.97,39.75,224.15,-63.27,3821851.08,27
9261.69,4157.97,39.75,225.66,-64.44,3826009.04,27
9260.81,4157.97,39.75,224.62,-61.7,3830167.01,27
9261.63,4157.97,39.75,224.48,-63.9,3834324.97,27
9260.98,4157.97,39.75,225.9,-63.52,3838482.94,27
9261.7,4157.97,39.75,224.47,-63.96,3842640.9,27
9260.29,4157.97,39.75,224.06,-63.18,3846798.87,27
9260.69,4157.97,39.75,224.48,-64.07,3850956.83,27
10050.19,2416.9,19.84,235.41,-53.33,3901062.11,28
10049.51,2416.9,19.84,234.7,-55.8,3903479.0,28
10049.24,2416.9,19.84,232.59,-55.84,3905895.9,28
10048.42,2416.9,19.84,235.25,-56.86,3908312.8,28
10049.01,2416.9,19.84,234.13,-55.82,3910729.7,28
10049.46,2416.9,19.84,235.89,-56.19,3913146.6,28
10049.7,2416.9,19.84,237.53,-55.24,3915563.5,28
10049.36,2416.9,19.84,234.02,-55.81,3917980.4,28
10049.01,2416.9,19.84,235.07,-55.51,3920397.3,28
10048.37,2416.9,19.84,234.78,-54.54,3922814.2,28
10049.26,2416.9,19.84,234.15,-56.99,3925231.1,28
10048.53,2416.9,19.84,235.63,-55.8,3927648.0,28
10049.84,2416.9,19.84,236.33,-54.7,3930064.9,28
10049.18,2416.9,19.84,234.95,-56.23,3932481.79,28
10049.1,2416.9,19.84,235.14,-56.45,3934898.69,28
10048.35,2416.9,19.84,233.91,-55.92,3937315.59,28
10050.22,2416.9,19.84,234.31,-55.1,3939732.49,28
10049.37,2416.9,19.84,236.03,-54.46,3942149.39,28
10050.04,2416.9,19.84,233.07,-55.41,3944566.29,28
10049.83,2416.9,19.84,235.18,-54.98,3946983.19,28
10265.39,3272.42,48.1,306.33,-34.34,4464036.36,20
9252.12,3272.42,48.1,306.67,-35.08,4467308.78,20
10618.18,3272.42,48.1,307.46,-33.65,4470581.2,20
10264.48,3272.42,48.1,304.35,-35.97,4473853.61,20
9251.46,3272.42,48.1,305.86,-35.62,4477126.03,20
10617.65,3272.42,48.1,304.23,-35.27,4480398.45,20
10265.28,3272.42,48.1,306.25,-34.72,4483670.87,20
9251.91,3272.42,48.1,305.64,-36.07,4486943.29,20
10617.96,3272.42,48.1,306.88,-34.86,4490215.7,20
10264.64,3272.42,48.1,305.71,-36.69,4493488.12,20
9251.67,3272.42,48.1,306.78,-36.73,4496760.54,20
10617.8,3272.42,48.1,306.11,-36.44,4500032.96,20
10264.12,3272.42,48.1,306.08,-35.81,4503305.37,20
9252.02,3272.42,48.1,306.66,-34.94,4506577.79,20
10617.63,3272.42,48.1,307.04,-34.57,4509850.21,20
10264.97,3272.42,48.1,304.72,-32.35,4513122.63,20
9250.56,3272.42,48.1,305.39,-37.07,4516395.05,20
10617.64,3272.42,48.1,305.86,-34.65,4519667.46,20
10263.85,3272.42,48.1,306.82,-36.22,4522939.88,20
9251.04,3272.42,48.1,306.64,-35.15,4526212.3,20
10617.53,3272.42,48.1,306.5,-34.99,4529484.72,20
10264.55,3272.42,48.1,305.54,-35.2,4532757.13,20
9250.66,3272.42,48.1,306.7,-35.13,4536029.55,20
10617.41,3272.42,48.1,306.9,-35.53,4539301.97,20
10264.63,3272.42,48.1,305.22,-35.07,4542574.39,20
9251.27,3272.42,48.1,305.04,-35.59,4545846.81,20
10617.04,3272.42,48.1,305.0,-37.14,4549119.22,20
10264.61,3272.42,48.1,304.0,-35.88,4552391.64,20
9250.81,3272.42,48.1,306.76,-36.43,4555664.06,20
10616.99,3272.42,48.1,305.32,-35.99,4558936.48,20
10265.41,3272.42,48.1,304.57,-35.79,4562208.89,20
9251.28,3272.42,48.1,306.59,-35.79,4565481.31,20
10616.41,3272.42,48.1,305.55,-34.06,4568753.73,20
10264.86,3272.42,48.1,305.94,-36.48,4572026.15,20
9250.53,3272.42,48.1,305.72,-36.84,4575298.57,20
10617.76,3272.42,48.1,304.86,-35.44,4578570.98,20
10263.78,3272.42,48.1,305.31,-36.6,4581843.4,20
9249.95,3272.42,48.1,306.25,-33.77,4585115.82,20
11559.99,2398.19,30.56,90.57,-53.23,4588134.92,29
10617.93,3272.42,48.1,306.39,-35.83,4588388.24,20
11967.65,2398.19,30.56,90.84,-52.93,4590533.11,29
10265.13,3272.42,48.1,306.93,-35.28,4591660.65,20
11560.1,2398.19,30.56,92.98,-52.2,4592931.3,29
11968.31,2398.19,30.56,89.57,-51.99,4595329.48,29
11560.11,2398.19,30.56,90.52,-53.09,4597727.67,29
11967.33,2398.19,30.56,91.91,-55.14,4600125.85,29
11559.25,2398.19,30.56,92.0,-52.75,4602524.04,29
11968.01,2398.19,30.56,91.0,-55.93,4604922.23,29
11559.55,2398.19,30.56,91.82,-54.14,4607320.41,29
11967.84,2398.19,30.56,91.1,-54.14,4609718.6,29
11559.69,2398.19,30.56,91.02,-52.38,4612116.78,29
11966.75,2398.19,30.56,90.74,-54.69,4614514.97,29
11559.76,2398.19,30.56,91.37,-52.2,4616913.16,29
11968.83,2398.19,30.56,90.52,-53.82,4619311.34,29
11559.75,2398.19,30.56,90.49,-53.19,4621709.53,29
11967.73,2398.19,30.56,90.22,-54.1,4624107.72,29
11559.15,2398.19,30.56,92.33,-51.92,4626505.9,29
11967.97,2398.19,30.56,91.4,-53.67,4628904.09,29
11560.24,2398.19,30.56,92.45,-53.94,4631302.27,29
11967.98,2398.19,30.56,91.94,-54.96,4633700.46,29
11560.26,2398.19,30.56,93.03,-52.65,4636098.65,29
11967.23,2398.19,30.56,89.32,-53.11,4638496.83,29
11559.27,2398.19,30.56,91.58,-52.28,4640895.02,29
11967.52,2398.19,30.56,90.91,-53.54,4643293.2,29
11559.0,2398.19,30.56,90.53,-53.8,4645691.39,29
11967.7,2398.19,30.56,91.9,-51.05,4648089.58,29
11559.7,2398.19,30.56,90.45,-52.4,4650487.76,29
11967.06,2398.19,30.56,89.9,-54.42,4652885.95,29
11559.51,2398.19,30.56,90.67,-53.85,4655284.13,29
11967.99,2398.19,30.56,92.36,-53.73,4657682.32,29
11559.37,2398.19,30.56,92.3,-54.64,4660080.51,29
11967.03,2398.19,30.56,92.5,-52.68,4662478.69,29
11559.26,2398.19,30.56,90.89,-54.74,4664876.88,29
11968.01,2398.19,30.56,93.02,-53.12,4667275.06,29
11560.17,2398.19,30.56,92.11,-53.82,4669673.25,29
11968.39,2398.19,30.56,92.04,-52.38,4672071.44,29
11559.42,2398.19,30.56,89.55,-52.77,4674469.62,29
11968.03,2398.19,30.56,90.99,-54.06,4676867.81,29
11560.93,2398.19,30.56,90.65,-54.67,4679265.99,29
11967.89,2398.19,30.56,92.47,-51.54,4681664.18,29
10653.96,2459.19,47.14,167.05,-41.89,4804812.52,16
9645.25,2459.19,47.14,165.96,-41.28,4807271.71,30
10653.68,2459.19,47.14,164.58,-40.56,4809730.89,16
9645.65,2459.19,47.14,166.4,-42.64,4812190.08,30
10654.48,2459.19,47.14,164.84,-42.0,4814649.27,16
9644.67,2459.19,47.14,166.58,-41.8,4817108.46,30
10653.96,2459.19,47.14,167.18,-39.94,4819567.64,16
9645.42,2459.19,47.14,168.37,-39.98,4822026.83,30
10653.99,2459.19,47.14,167.32,-40.32,4824486.02,16
9645.04,2459.19,47.14,166.64,-41.7,4826945.21,30
10653.58,2459.19,47.14,166.36,-40.64,4829404.4,16
9644.45,2459.19,47.14,166.88,-38.71,4831863.58,30
10653.22,2459.19,47.14,167.04,-40.86,4834322.77,16
9645.02,2459.19,47.14,166.03,-40.94,4836781.96,30
10654.16,2459.19,47.14,166.16,-42.31,4839241.15,16
9644.67,2459.19,47.14,165.04,-40.14,4841700.33,30
10653.16,2459.19,47.14,167.49,-40.36,4844159.52,16
9645.01,2459.19,47.14,164.3,-41.12,4846618.71,30
10654.67,2459.19,47.14,165.94,-41.87,4849077.9,16
9644.47,2459.19,47.14,166.39,-41.64,4851537.09,30
10654.71,2459.19,47.14,166.4,-41.35,4853996.27,16
9644.14,2459.19,47.14,166.95,-40.33,4856455.46,30
10653.7,2459.19,47.14,164.22,-40.38,4858914.65,16
9644.7,2459.19,47.14,166.8,-38.83,4861373.84,30
10654.08,2459.19,47.14,165.95,-41.94,4863833.02,16
9644.63,2459.19,47.14,166.62,-40.74,4866292.21,30
8430.61,2585.75,41.81,302.47,-52.49,4867541.13,31
10654.96,2459.19,47.14,166.96,-40.92,4868751.4,16
11072.37,2585.75,41.81,304.42,-53.24,4870126.88,20
9644.44,2459.19,47.14,166.73,-41.7,4871210.59,30
10002.53,2585.75,41.81,304.31,-51.98,4872712.62,20
10654.18,2459.19,47.14,166.95,-41.01,4873669.77,16
8431.0,2585.75,41.81,302.96,-53.72,4875298.37,31
9644.47,2459.19,47.14,164.28,-39.65,4876128.96,30
11072.74,2585.75,41.81,303.71,-53.22,4877884.11,20
10654.3,2459.19,47.14,166.89,-42.35,4878588.15,16
10002.55,2585.75,41.81,303.77,-53.95,4880469.86,20
9645.48,2459.19,47.14,166.0,-41.08,4881047.34,30
8430.04,2585.75,41.81,306.26,-53.16,4883055.6,31
10653.56,2459.19,47.14,164.67,-39.63,4883506.53,16
11071.83,2585.75,41.81,302.31,-53.61,4885641.35,20
9645.43,2459.19,47.14,166.3,-41.47,4885965.71,30
10001.81,2585.75,41.81,305.03,-52.13,4888227.09,20
10653.91,2459.19,47.14,166.11,-41.99,4888424.9,16
8430.45,2585.75,41.81,303.63,-52.65,4890812.84,31
9644.64,2459.19,47.14,166.61,-39.77,4890884.09,30
10654.1,2459.19,47.14,164.88,-40.44,4893343.28,16
11071.64,2585.75,41.81,306.06,-52.33,4893398.58,20
9644.66,2459.19,47.14,167.83,-39.36,4895802.46,30
10002.34,2585.75,41.81,303.01,-51.7,4895984.33,20
8688.18,4857.7,38.19,184.61,-75.29,4897627.29,32
10654.83,2459.19,47.14,165.9,-38.8,4898261.65,16
8430.23,2585.75,41.81,303.13,-53.02,4898570.07,31
9644.97,2459.19,47.14,168.09,-41.29,4900720.84,30
11072.48,2585.75,41.81,303.0,-53.88,4901155.82,20
11890.15,4857.7,38.19,184.62,-75.33,4902484.99,33
10001.42,2585.75,41.81,303.12,-53.37,4903741.56,20
8429.76,2585.75,41.81,303.39,-51.94,4906327.31,31
8687.89,4857.7,38.19,185.44,-74.56,4907342.68,32
11072.92,2585.75,41.81,303.03,-52.03,4908913.05,20
10000.93,2585.75,41.81,306.51,-51.68,4911498.8,20
11889.46,4857.7,38.19,184.28,-73.0,4912200.38,33
8430.18,2585.75,41.81,304.46,-54.39,4914084.54,31
11072.54,2585.75,41.81,303.9,-53.82,4916670.29,20
8687.42,4857.7,38.19,185.48,-73.58,4917058.08,32
10001.67,2585.75,41.81,303.51,-54.12,4919256.03,20
8430.03,2585.75,41.81,302.64,-52.13,4921841.78,31
11887.99,4857.7,38.19,185.78,-75.09,4921915.77,33
11072.05,2585.75,41.81,302.86,-52.14,4924427.52,20
8688.48,4857.7,38.19,184.66,-73.8,4926773.47,32
10002.09,2585.75,41.81,304.88,-52.07,4927013.27,20
8431.43,2585.75,41.81,303.92,-54.44,4929599.01,31
11889.86,4857.7,38.19,185.12,-75.77,4931631.17,33
11072.65,2585.75,41.81,303.41,-53.94,4932184.76,20
10001.96,2585.75,41.81,304.95,-53.82,4934770.5,20
8689.3,4857.7,38.19,185.0,-72.58,4936488.86,32
8431.09,2585.75,41.81,303.09,-53.23,4937356.25,31
11072.71,2585.75,41.81,303.69,-54.76,4939941.99,20
11890.64,4857.7,38.19,183.21,-75.53,4941346.56,33
10002.37,2585.75,41.81,303.46,-52.24,4942527.74,20
8429.82,2585.75,41.81,302.99,-52.12,4945113.48,31
8687.84,4857.7,38.19,184.94,-74.69,4946204.26,32
11072.68,2585.75,41.81,303.64,-52.63,4947699.23,20
10001.43,2585.75,41.81,304.19,-52.86,4950284.97,20
11889.79,4857.7,38.19,186.04,-73.38,4951061.95,33
8430.27,2585.75,41.81,303.24,-52.91,4952870.72,31
11072.49,2585.75,41.81,303.61,-54.02,4955456.46,20
8688.84,4857.7,38.19,184.43,-75.66,4955919.65,32
10001.92,2585.75,41.81,303.62,-54.02,4958042.21,20
8430.48,2585.75,41.81,305.69,-53.35,4960627.95,31
11889.68,4857.7,38.19,185.41,-75.06,4960777.35,33
11073.26,2585.75,41.81,306.19,-53.94,4963213.7,20
8687.68,4857.7,38.19,185.67,-75.27,4965635.04,32
10001.91,2585.75,41.81,306.18,-53.11,4965799.44,20
8430.48,2585.75,41.81,302.41,-53.52,4968385.19,31
11889.47,4857.7,38.19,184.93,-75.11,4970492.74,33
8688.17,4857.7,38.19,183.71,-74.99,4975350.44,32
11890.03,4857.7,38.19,185.25,-73.93,4980208.13,33
8687.99,4857.7,38.19,183.71,-75.12,4985065.83,32
11889.37,4857.7,38.19,184.48,-74.66,4989923.53,33
8688.11,4857.7,38.19,183.74,-75.43,4994781.22,32
11889.85,4857.7,38.19,185.66,-74.21,4999638.92,33
8688.57,4857.7,38.19,184.82,-74.47,5004496.62,32
11889.66,4857.7,38.19,185.1,-75.81,5009354.31,33
8688.38,4857.7,38.19,185.37,-74.53,5014212.01,32
11889.04,4857.7,38.19,185.08,-76.32,5019069.71,33
8688.44,4857.7,38.19,184.29,-73.17,5023927.4,32
11889.74,4857.7,38.19,185.79,-72.76,5028785.1,33
8687.95,4857.7,38.19,185.42,-76.06,5033642.8,32
11889.85,4857.7,38.19,186.75,-75.5,5038500.49,33
8687.91,4857.7,38.19,184.9,-72.83,5043358.19,32
11890.07,4857.7,38.19,184.08,-73.42,5048215.89,33
8687.53,4857.7,38.19,187.12,-74.02,5053073.58,32
11890.56,4857.7,38.19,183.34,-74.7,5057931.28,33
8688.29,4857.7,38.19,183.98,-76.17,5062788.98,32
11889.93,4857.7,38.19,185.59,-73.57,5067646.67,33
8688.11,4857.7,38.19,184.85,-76.26,5072504.37,32
11890.45,4857.7,38.19,185.06,-74.15,5077362.07,33
8688.74,4857.7,38.19,186.45,-75.71,5082219.76,32
11890.03,4857.7,38.19,184.96,-72.77,5087077.46,33
10859.12,4994.58,16.56,183.58,-79.81,5166533.04,34
10373.42,4994.58,16.56,184.21,-78.93,5171527.62,34
11581.97,4994.58,16.56,182.82,-79.81,5176522.2,34
9035.63,3308.18,44.61,291.88,-74.98,5178907.98,20
10860.39,4994.58,16.56,184.74,-79.88,5181516.78,34
9737.13,3308.18,44.61,290.95,-75.22,5182216.16,20
10893.44,3308.18,44.61,289.72,-74.08,5185524.34,20
10374.17,4994.58,16.56,184.91,-80.41,5186511.36,34
8036.07,3308.18,44.61,292.2,-74.79,5188832.51,35
11582.6,4994.58,16.56,183.84,-79.79,5191505.94,34
9035.05,3308.18,44.61,291.04,-77.19,5192140.69,20
9737.72,3308.18,44.61,292.01,-75.1,5195448.87,20
10859.83,4994.58,16.56,183.61,-79.6,5196500.52,34
10893.87,3308.18,44.61,292.3,-75.97,5198757.05,20
10374.02,4994.58,16.56,183.82,-81.73,5201495.1,34
8035.91,3308.18,44.61,290.74,-75.02,5202065.23,35
9033.99,3308.18,44.61,290.87,-74.97,5205373.41,20
11582.91,4994.58,16.56,183.04,-79.01,5206489.68,34
9737.48,3308.18,44.61,291.7,-75.14,5208681.59,20
10860.0,4994.58,16.56,183.01,-80.05,5211484.26,34
10894.86,3308.18,44.61,289.84,-74.95,5211989.76,20
8035.71,3308.18,44.61,288.97,-77.82,5215297.94,35
10374.58,4994.58,16.56,184.64,-79.77,5216478.84,34
9035.12,3308.18,44.61,290.77,-76.26,5218606.12,20
11582.24,4994.58,16.56,185.63,-80.61,5221473.43,34
9736.73,3308.18,44.61,289.9,-75.78,5221914.3,20
10894.19,3308.18,44.61,290.57,-75.53,5225222.48,20
10860.62,4994.58,16.56,183.68,-79.16,5226468.01,34
8036.03,3308.18,44.61,292.34,-76.8,5228530.66,35
10374.6,4994.58,16.56,184.65,-79.24,5231462.59,34
9034.5,3308.18,44.61,290.1,-75.24,5231838.84,20
9737.09,3308.18,44.61,290.72,-75.62,5235147.01,20
11582.86,4994.58,16.56,183.57,-79.85,5236457.17,34
10893.44,3308.18,44.61,290.92,-76.79,5238455.19,20
10859.98,4994.58,16.56,186.47,-80.99,5241451.75,34
8035.66,3308.18,44.61,290.69,-77.44,5241763.37,35
9033.77,3308.18,44.61,291.12,-74.74,5245071.55,20
10374.44,4994.58,16.56,184.52,-79.76,5246446.33,34
9737.38,3308.18,44.61,289.92,-74.78,5248379.73,20
11583.65,4994.58,16.56,184.3,-80.63,5251440.91,34
10893.22,3308.18,44.61,289.22,-75.08,5251687.91,20
8036.22,3308.18,44.61,291.65,-77.93,5254996.09,35
10860.3,4994.58,16.56,183.82,-79.49,5256435.49,34
9034.15,3308.18,44.61,290.6,-75.37,5258304.26,20
10374.35,4994.58,16.56,183.15,-78.8,5261430.07,34
9738.04,3308.18,44.61,290.76,-75.62,5261612.44,20
10893.6,3308.18,44.61,292.18,-76.89,5264920.62,20
11582.78,4994.58,16.56,184.45,-79.38,5266424.65,34
8036.4,3308.18,44.61,289.6,-75.25,5268228.8,35
10860.34,4994.58,16.56,183.9,-80.48,5271419.24,34
9034.33,3308.18,44.61,291.33,-75.67,5271536.98,20
9738.49,3308.18,44.61,290.31,-75.36,5274845.16,20
10373.81,4994.58,16.56,185.57,-80.86,5276413.82,34
10893.4,3308.18,44.61,290.3,-75.68,5278153.34,20
11582.55,4994.58,16.56,183.24,-79.86,5281408.4,34
8035.45,3308.18,44.61,289.17,-75.19,5281461.51,35
9034.77,3308.18,44.61,290.0,-76.52,5284769.69,20
10859.39,4994.58,16.56,182.65,-80.25,5286402.98,34
9737.26,3308.18,44.61,290.7,-75.34,5288077.87,20
10892.75,3308.18,44.61,292.0,-74.44,5291386.05,20
10373.3,4994.58,16.56,182.8,-81.27,5291397.56,34
8035.05,3308.18,44.61,291.67,-74.73,5294694.23,35
11582.48,4994.58,16.56,184.74,-79.04,5296392.14,34
9034.85,3308.18,44.61,289.29,-74.77,5298002.41,20
9737.49,3308.18,44.61,291.14,-73.57,5301310.59,20
10861.11,4994.58,16.56,185.89,-79.21,5301386.72,34
10893.92,3308.18,44.61,289.67,-76.12,5304618.76,20
10374.46,4994.58,16.56,184.14,-79.47,5306381.3,34
8035.82,3308.18,44.61,291.02,-76.59,5307926.94,35
11583.88,4994.58,16.56,184.38,-78.84,5311375.88,34
10859.69,4994.58,16.56,183.34,-79.68,5316370.46,34
10374.02,4994.58,16.56,183.39,-77.59,5321365.04,34
11582.99,4994.58,16.56,183.56,-79.84,5326359.63,34
10860.17,4994.58,16.56,184.19,-81.59,5331354.21,34
10374.59,4994.58,16.56,185.36,-78.52,5336348.79,34
11583.07,4994.58,16.56,184.67,-80.86,5341343.37,34
10860.57,4994.58,16.56,184.26,-80.45,5346337.95,34
10374.38,4994.58,16.56,184.91,-79.93,5351332.53,34
11583.13,4994.58,16.56,182.97,-78.75,5356327.11,34
8537.0,4760.39,46.6,82.53,-55.31,5359240.67,36
10859.71,4994.58,16.56,183.3,-79.93,5361321.69,34
11832.42,4760.39,46.6,80.68,-53.6,5364001.05,37
10117.93,4760.39,46.6,82.62,-55.56,5368761.44,38
8967.87,4760.39,46.6,81.29,-54.67,5373521.82,36
10003.43,4760.39,46.6,81.53,-54.94,5378282.21,38
8536.77,4760.39,46.6,83.32,-55.12,5383042.6,36
11831.42,4760.39,46.6,83.38,-53.33,5387802.98,37
10118.54,4760.39,46.6,83.61,-56.43,5392563.37,38
8967.09,4760.39,46.6,83.36,-53.65,5397323.76,36
10002.59,4760.39,46.6,82.58,-55.14,5402084.14,38
8536.47,4760.39,46.6,83.49,-54.25,5406844.53,36
11831.51,4760.39,46.6,82.42,-54.87,5411604.91,37
10118.42,4760.39,46.6,82.82,-53.03,5416365.3,38
8967.45,4760.39,46.6,82.53,-55.78,5421125.69,36
10002.79,4760.39,46.6,82.71,-55.78,5425886.07,38
8537.76,4760.39,46.6,84.31,-55.73,5430646.46,36
11830.8,4760.39,46.6,83.9,-55.82,5435406.85,37
10119.03,4760.39,46.6,80.92,-54.24,5440167.23,38
8966.97,4760.39,46.6,83.62,-55.12,5444927.62,36
10001.94,4760.39,46.6,82.48,-54.45,5449688.0,38
8537.15,4760.39,46.6,83.47,-53.16,5454448.39,36
11830.95,4760.39,46.6,84.51,-55.03,5459208.78,37
10118.19,4760.39,46.6,81.56,-55.32,5463969.16,38
8968.03,4760.39,46.6,82.76,-53.62,5468729.55,36
10001.69,4760.39,46.6,82.88,-56.39,5473489.94,38
8537.28,4760.39,46.6,83.78,-55.56,5478250.32,36
11830.43,4760.39,46.6,83.09,-54.7,5483010.71,37
10118.84,4760.39,46.6,84.13,-56.21,5487771.09,38
8967.91,4760.39,46.6,84.08,-56.91,5492531.48,36
10002.57,4760.39,46.6,82.39,-55.22,5497291.87,38
8537.27,4760.39,46.6,82.4,-55.81,5502052.25,36
11831.75,4760.39,46.6,81.8,-56.22,5506812.64,37
10118.98,4760.39,46.6,81.74,-54.47,5511573.02,38
8967.8,4760.39,46.6,81.16,-55.81,5516333.41,36
10003.01,4760.39,46.6,81.91,-55.6,5521093.8,38
8537.33,4760.39,46.6,83.67,-55.39,5525854.18,36
11831.44,4760.39,46.6,84.31,-53.4,5530614.57,37
10119.13,4760.39,46.6,82.98,-55.94,5535374.96,38
8967.16,4760.39,46.6,83.41,-54.72,5540135.34,36
10003.12,4760.39,46.6,83.54,-56.64,5544895.73,38
10624.41,5558.08,19.2,175.47,-69.81,5599435.83,34
10237.0,5558.08,19.2,176.22,-68.9,5604993.9,34
10748.2,5558.08,19.2,177.91,-70.51,5610551.98,34
10632.83,5558.08,19.2,175.3,-69.28,5616110.06,34
8468.16,5558.08,19.2,175.96,-72.82,5621668.14,12
10624.09,5558.08,19.2,176.39,-69.41,5627226.21,34
10239.1,5558.08,19.2,178.22,-69.0,5632784.29,34
10747.88,5558.08,19.2,175.88,-69.5,5638342.37,34
10632.59,5558.08,19.2,177.81,-67.76,5643900.45,34
8469.18,5558.08,19.2,177.68,-69.71,5649458.52,12
10624.89,5558.08,19.2,177.84,-70.39,5655016.6,34
10238.05,5558.08,19.2,175.41,-71.12,5660574.68,34
10747.47,5558.08,19.2,176.43,-71.24,5666132.75,34
10631.94,5558.08,19.2,176.88,-70.06,5671690.83,34
8468.26,5558.08,19.2,177.55,-69.38,5677248.91,12
10624.98,5558.08,19.2,176.26,-68.63,5682806.99,34
10238.5,5558.08,19.2,176.35,-68.78,5688365.06,34
10747.72,5558.08,19.2,178.2,-70.52,5693923.14,34
10631.72,5558.08,19.2,176.83,-70.62,5699481.22,34
8469.06,5558.08,19.2,175.75,-69.93,5705039.29,12
10623.51,5558.08,19.2,176.99,-71.02,5710597.37,34
11105.5,3567.44,44.89,184.52,-70.05,5714617.8,39
10238.66,5558.08,19.2,175.75,-72.29,5716155.45,34
10445.53,3567.44,44.89,183.45,-69.43,5718185.24,39
10748.22,5558.08,19.2,176.27,-69.36,5721713.53,34
11106.41,3567.44,44.89,183.88,-70.01,5721752.68,39
10446.16,3567.44,44.89,182.54,-69.45,5725320.12,39
10633.11,5558.08,19.2,178.09,-69.38,5727271.6,34
11105.76,3567.44,44.89,182.14,-68.74,5728887.55,39
10446.91,3567.44,44.89,182.45,-68.57,5732454.99,39
8468.19,5558.08,19.2,174.75,-70.04,5732829.68,12
11105.79,3567.44,44.89,182.8,-68.03,5736022.43,39
10624.33,5558.08,19.2,175.98,-69.61,5738387.76,34
10444.81,3567.44,44.89,181.47,-69.87,5739589.87,39
11106.29,3567.44,44.89,183.27,-69.42,5743157.3,39
10238.88,5558.08,19.2,175.36,-71.08,5743945.84,34
10445.36,3567.44,44.89,183.6,-72.7,5746724.74,39
10748.09,5558.08,19.2,175.57,-71.88,5749503.91,34
11105.58,3567.44,44.89,182.72,-69.08,5750292.18,39
10446.09,3567.44,44.89,181.92,-68.33,5753859.62,39
10631.83,5558.08,19.2,174.95,-69.03,5755061.99,34
11105.73,3567.44,44.89,182.68,-69.2,5757427.05,39
8468.9,5558.08,19.2,175.09,-69.7,5760620.07,12
10445.24,3567.44,44.89,183.92,-70.19,5760994.49,39
11105.76,3567.44,44.89,183.86,-70.55,5764561.93,39
10624.66,5558.08,19.2,174.69,-70.08,5766178.14,34
10445.47,3567.44,44.89,181.15,-67.96,5768129.37,39
11106.56,3567.44,44.89,185.56,-68.45,5771696.8,39
10239.58,5558.08,19.2,176.86,-70.49,5771736.22,34
10444.78,3567.44,44.89,183.48,-70.7,5775264.24,39
10747.88,5558.08,19.2,174.16,-69.77,5777294.3,34
11106.75,3567.44,44.89,181.71,-70.93,5778831.68,39
10444.54,3567.44,44.89,182.32,-70.47,5782399.12,39
10633.3,5558.08,19.2,175.37,-72.18,5782852.38,34
11105.33,3567.44,44.89,184.8,-69.25,5785966.55,39
8467.71,5558.08,19.2,177.06,-70.67,5788410.45,12
10445.55,3567.44,44.89,184.4,-69.53,5789533.99,39
11105.58,3567.44,44.89,181.11,-70.59,5793101.43,39
10623.81,5558.08,19.2,176.2,-70.01,5793968.53,34
10446.1,3567.44,44.89,181.55,-69.43,5796668.87,39
10237.62,5558.08,19.2,175.96,-70.74,5799526.61,34
11106.47,3567.44,44.89,183.1,-69.39,5800236.3,39
10445.67,3567.44,44.89,183.19,-68.18,5803803.74,39
10747.84,5558.08,19.2,175.16,-69.3,5805084.69,34
11105.44,3567.44,44.89,183.05,-71.6,5807371.18,39
10632.01,5558.08,19.2,174.19,-69.98,5810642.76,34
10444.31,3567.44,44.89,182.73,-69.24,5810938.62,39
11106.77,3567.44,44.89,185.23,-68.46,5814506.05,39
8468.41,5558.08,19.2,175.39,-70.8,5816200.84,12
10445.71,3567.44,44.89,182.97,-71.32,5818073.49,39
11105.88,3567.44,44.89,184.1,-68.89,5821640.93,39
10444.7,3567.44,44.89,183.42,-69.26,5825208.37,39
11106.13,3567.44,44.89,182.78,-69.12,5828775.8,39
10445.7,3567.44,44.89,182.17,-69.33,5832343.24,39
11105.86,3567.44,44.89,181.32,-70.35,5835910.68,39
10444.56,3567.44,44.89,183.79,-69.43,5839478.12,39
11105.78,3567.44,44.89,184.23,-69.72,5843045.55,39
10444.63,3567.44,44.89,182.37,-68.15,5846612.99,39
11105.62,3567.44,44.89,183.09,-69.04,5850180.43,39
10445.64,3567.44,44.89,185.26,-70.96,5853747.87,39
8615.93,4563.86,27.69,323.51,-72.51,6379872.27,13
8615.56,3864.73,27.69,320.68,-71.99,6384436.14,13
8615.2,4563.86,27.69,323.34,-73.5,6388300.86,13
8616.47,3864.73,27.69,322.39,-73.35,6392864.72,13
10685.23,3528.49,31.34,246.95,-37.58,6393376.39,40
8615.42,4563.86,27.69,321.37,-72.79,6396729.45,13
10686.46,2529.07,31.34,246.99,-37.35,6396904.89,26
10685.38,3528.49,31.34,248.51,-37.35,6399433.96,40
8615.72,3864.73,27.69,321.11,-73.38,6401293.31,13
10685.55,2529.07,31.34,247.64,-37.96,6402962.46,26
8615.72,4563.86,27.69,319.58,-72.76,6405158.04,13
10685.07,3528.49,31.34,249.12,-38.62,6405491.53,40
10685.34,2529.07,31.34,247.37,-40.14,6409020.03,26
8615.19,3864.73,27.69,320.56,-74.9,6409721.9,13
10685.36,3528.49,31.34,247.71,-39.82,6411549.1,40
8614.78,4563.86,27.69,320.35,-73.92,6413586.63,13
10685.6,2529.07,31.34,248.44,-38.97,6415077.6,26
10685.96,3528.49,31.34,247.16,-37.76,6417606.67,40
8616.65,3864.73,27.69,321.18,-73.04,6418150.49,13
10685.69,2529.07,31.34,249.52,-36.35,6421135.16,26
8615.88,4563.86,27.69,321.84,-73.29,6422015.22,13
10685.39,3528.49,31.34,247.54,-39.01,6423664.24,40
8615.08,3864.73,27.69,323.16,-71.41,6426579.08,13
10685.92,2529.07,31.34,249.3,-39.41,6427192.73,26
10685.81,3528.49,31.34,247.84,-38.14,6429721.81,40
8614.84,4563.86,27.69,320.68,-73.5,6430443.8,13
10686.38,2529.07,31.34,247.73,-40.43,6433250.3,26
8615.2,3864.73,27.69,322.21,-73.94,6435007.67,13
10686.0,3528.49,31.34,247.14,-38.9,6435779.38,40
8616.76,4563.86,27.69,322.9,-73.0,6438872.39,13
10686.02,2529.07,31.34,248.27,-38.86,6439307.87,26
10685.34,3528.49,31.34,245.07,-38.06,6441836.95,40
8616.19,3864.73,27.69,322.81,-73.78,6443436.25,13
8703.89,5684.58,25.22,75.45,-33.81,6444565.53,41
10685.5,2529.07,31.34,249.49,-38.36,6445365.44,26
8615.27,4563.86,27.69,321.79,-72.35,6447300.98,13
10685.35,3528.49,31.34,249.04,-37.61,6447894.51,40
8703.42,5904.34,25.22,74.34,-33.33,6450250.11,41
10685.51,2529.07,31.34,249.17,-39.31,6451423.01,26
8615.75,3864.73,27.69,320.13,-74.02,6451864.84,13
10685.7,3528.49,31.34,248.54,-37.97,6453952.08,40
8615.64,4563.86,27.69,321.63,-71.24,6455729.57,13
8703.55,5684.58,25.22,77.49,-35.92,6456154.45,41
10685.94,2529.07,31.34,247.64,-37.67,6457480.58,26
10685.56,3528.49,31.34,247.4,-39.31,6460009.65,40
8614.99,3864.73,27.69,322.21,-71.73,6460293.43,13
8703.42,5904.34,25.22,76.0,-33.99,6461839.03,41
10686.59,2529.07,31.34,247.23,-37.47,6463538.15,26
8616.81,4563.86,27.69,321.3,-72.72,6464158.16,13
10685.06,3528.49,31.34,248.46,-38.46,6466067.22,40
8702.9,5684.58,25.22,76.76,-32.35,6467743.37,41
8615.96,3864.73,27.69,321.9,-73.31,6468722.02,13
10686.43,2529.07,31.34,247.32,-39.69,6469595.71,26
10685.57,3528.49,31.34,249.64,-39.64,6472124.79,40
8615.9,4563.86,27.69,319.18,-72.53,6472586.75,13
8703.8,5904.34,25.22,76.31,-35.64,6473427.95,41
10684.33,2529.07,31.34,248.03,-37.81,6475653.28,26
8615.74,3864.73,27.69,321.49,-71.17,6477150.61,13
10685.12,3528.49,31.34,248.82,-39.8,6478182.36,40
8703.17,5684.58,25.22,76.16,-34.79,6479332.29,41
8615.34,4563.86,27.69,321.31,-71.22,6481015.33,13
10685.55,2529.07,31.34,248.72,-39.95,6481710.85,26
10685.72,3528.49,31.34,249.19,-38.29,6484239.93,40
8704.07,5904.34,25.22,76.75,-31.57,6485016.87,41
8615.26,3864.73,27.69,321.16,-73.36,6485579.2,13
10685.26,2529.07,31.34,249.49,-38.1,6487768.42,26
8616.1,4563.86,27.69,321.92,-74.51,6489443.92,13
10684.69,3528.49,31.34,248.84,-39.33,6490297.5,40
8703.07,5684.58,25.22,76.25,-35.64,6490921.21,41
10685.72,2529.07,31.34,248.98,-39.31,6493825.99,26
8615.41,3864.73,27.69,321.1,-73.29,6494007.79,13
10684.8,3528.49,31.34,249.48,-37.6,6496355.06,40
8702.45,5904.34,25.22,76.94,-33.76,6496605.79,41
8615.89,4563.86,27.69,322.13,-74.99,6497872.51,13
10685.58,2529.07,31.34,248.83,-39.13,6499883.56,26
10685.67,3528.49,31.34,247.83,-39.09,6502412.63,40
8616.21,3864.73,27.69,321.96,-71.83,6502436.37,13
8703.13,5684.58,25.22,76.31,-34.89,6502510.13,41
10685.8,2529.07,31.34,246.76,-39.01,6505941.13,26
8615.9,4563.86,27.69,322.81,-72.75,6506301.1,13
8703.31,5904.34,25.22,75.9,-35.15,6508194.71,41
10685.78,3528.49,31.34,249.81,-39.93,6508470.2,40
8616.35,3864.73,27.69,322.23,-73.31,6510864.96,13
10685.88,2529.07,31.34,248.6,-40.64,6511998.7,26
8703.2,5684.58,25.22,75.53,-33.84,6514099.05,41
8616.81,4563.86,27.69,322.6,-72.64,6514729.69,13
8581.61,5978.33,4.04,207.12,-76.39,6516207.86,42
8615.04,3864.73,27.69,320.42,-72.92,6519293.55,13
8702.17,5904.34,25.22,75.99,-35.35,6519783.63,41
8581.77,2807.37,4.04,204.63,-77.01,6522186.19,43
8615.75,4563.86,27.69,321.09,-73.07,6523158.28,13
8580.73,5978.33,4.04,208.85,-75.73,6524993.55,42
8703.04,5684.58,25.22,75.69,-34.27,6525687.97,41
8616.47,3864.73,27.69,322.4,-74.36,6527722.14,13
8581.27,2807.37,4.04,207.38,-75.33,6530971.88,43
8703.45,5904.34,25.22,75.15,-33.54,6531372.55,41
8615.62,4563.86,27.69,320.9,-73.6,6531586.87,13
8581.86,5978.33,4.04,207.51,-76.7,6533779.25,42
8615.47,3864.73,27.69,321.23,-74.47,6536150.73,13
8703.11,5684.58,25.22,75.48,-33.97,6537276.89,41
8581.06,2807.37,4.04,205.63,-75.94,6539757.58,43
8615.61,4563.86,27.69,321.15,-76.15,6540015.45,13
8581.23,5978.33,4.04,206.17,-76.91,6542564.94,42
8703.72,5904.34,25.22,75.61,-37.19,6542961.47,41
8616.7,3864.73,27.69,322.8,-73.59,6544579.32,13
8582.03,2807.37,4.04,207.54,-74.61,6548543.27,43
8703.12,5684.58,25.22,76.38,-33.57,6548865.81,41
8581.57,5978.33,4.04,206.65,-76.47,6551350.64,42
8703.52,5904.34,25.22,75.74,-31.97,6554550.39,41
8580.8,2807.37,4.04,205.33,-75.93,6557328.97,43
8580.84,5978.33,4.04,206.8,-75.33,6560136.33,42
8703.37,5684.58,25.22,76.83,-35.59,6560454.73,41
8580.97,2807.37,4.04,208.6,-77.43,6566114.66,43
8703.02,5904.34,25.22,76.86,-33.21,6566139.3,41
8581.8,5978.33,4.04,207.02,-75.25,6568922.03,42
8703.37,5684.58,25.22,74.37,-34.43,6572043.65,41
8580.75,2807.37,4.04,208.9,-76.62,6574900.36,43
8581.65,5978.33,4.04,208.04,-77.05,6577707.73,42
8703.66,5904.34,25.22,76.32,-34.82,6577728.22,41
8703.48,5684.58,25.22,75.47,-35.37,6583632.57,41
8581.72,2807.37,4.04,205.82,-75.05,6583686.05,43
8580.93,5978.33,4.04,206.63,-76.14,6586493.42,42
8703.94,5904.34,25.22,76.31,-34.41,6589317.14,41
8581.7,2807.37,4.04,208.56,-76.89,6592471.75,43
8703.31,5684.58,25.22,76.04,-34.1,6595221.49,41
8581.88,5978.33,4.04,208.56,-76.28,6595279.12,42
8704.43,5904.34,25.22,76.87,-34.92,6600906.06,41
8581.03,2807.37,4.04,204.86,-74.56,6601257.44,43
8581.18,5978.33,4.04,205.59,-77.8,6604064.81,42
8703.23,5684.58,25.22,75.41,-34.46,6606810.41,41
8580.81,2807.37,4.04,207.51,-75.38,6610043.14,43
8703.15,5904.34,25.22,76.69,-36.9,6612494.98,41
8581.63,5978.33,4.04,206.72,-77.69,6612850.51,42
8703.83,5684.58,25.22,76.49,-33.0,6618399.33,41
8580.94,2807.37,4.04,205.49,-75.87,6618828.83,43
8580.78,5978.33,4.04,205.88,-76.63,6621636.2,42
8704.0,5904.34,25.22,75.53,-33.49,6624083.9,41
8580.47,2807.37,4.04,206.64,-76.55,6627614.53,43
8703.48,5684.58,25.22,74.28,-34.1,6629988.25,41
8581.9,5978.33,4.04,205.77,-77.74,6630421.9,42
8703.25,5904.34,25.22,76.22,-32.61,6635672.82,41
8581.12,2807.37,4.04,205.49,-76.4,6636400.23,43
8580.38,5978.33,4.04,205.99,-77.37,6639207.59,42
8703.67,5684.58,25.22,75.2,-33.29,6641577.17,41
8581.59,2807.37,4.04,205.78,-78.18,6645185.92,43
8703.74,5904.34,25.22,75.08,-35.86,6647261.74,41
8581.21,5978.33,4.04,206.91,-76.71,6647993.29,42
8703.07,5684.58,25.22,77.05,-34.56,6653166.09,41
8581.0,2807.37,4.04,205.92,-76.33,6653971.62,43
8580.86,5978.33,4.04,206.26,-75.69,6656778.98,42
8703.6,5904.34,25.22,74.88,-33.4,6658850.66,41
8580.66,2807.37,4.04,206.55,-78.23,6662757.31,43
8702.55,5684.58,25.22,75.56,-33.84,6664755.01,41
8581.42,5978.33,4.04,205.61,-75.42,6665564.68,42
8703.0,5904.34,25.22,76.83,-35.13,6670439.58,41
8580.57,2807.37,4.04,207.03,-75.22,6671543.01,43
8580.79,5978.33,4.04,205.73,-77.39,6674350.37,42
8581.06,2807.37,4.04,207.11,-77.01,6680328.7,43
8580.75,5978.33,4.04,204.57,-74.84,6683136.07,42
8582.15,2807.37,4.04,207.15,-77.25,6689114.4,43
9271.53,4153.45,19.72,13.62,-64.74,6775945.51,44
9271.83,5652.92,19.72,14.02,-65.08,6780098.96,45
9271.16,4153.45,19.72,12.24,-63.89,6785751.88,44
9272.0,5652.92,19.72,14.11,-64.1,6789905.33,45
9271.54,4153.45,19.72,12.84,-65.89,6795558.25,44
9271.07,5652.92,19.72,14.68,-65.4,6799711.7,45
9272.15,4153.45,19.72,13.28,-65.59,6805364.62,44
9271.07,5652.92,19.72,12.87,-63.49,6809518.07,45
9271.08,4153.45,19.72,15.58,-65.75,6815170.99,44
9271.99,5652.92,19.72,13.32,-65.23,6819324.45,45
9270.98,4153.45,19.72,13.36,-66.07,6824977.36,44
9270.78,5652.92,19.72,13.58,-65.54,6829130.82,45
9272.46,4153.45,19.72,14.46,-63.21,6834783.74,44
9271.28,5652.92,19.72,13.6,-67.53,6838937.19,45
9271.48,4153.45,19.72,13.56,-64.76,6844590.11,44
9271.6,5652.92,19.72,13.53,-67.62,6848743.56,45
9271.75,4153.45,19.72,13.95,-63.57,6854396.48,44
9271.8,5652.92,19.72,13.33,-63.8,6858549.93,45
9270.44,4153.45,19.72,12.95,-65.68,6864202.85,44
9271.6,5652.92,19.72,11.26,-63.59,6868356.3,45
9271.49,4153.45,19.72,13.78,-64.69,6874009.22,44
9272.25,5652.92,19.72,11.6,-64.8,6878162.67,45
9272.19,4153.45,19.72,13.36,-65.86,6883815.59,44
9271.32,5652.92,19.72,13.07,-65.63,6887969.04,45
9271.54,4153.45,19.72,14.97,-65.51,6893621.96,44
9271.37,5652.92,19.72,13.92,-65.08,6897775.42,45
9270.95,4153.45,19.72,13.4,-65.01,6903428.33,44
9272.11,5652.92,19.72,12.49,-63.93,6907581.79,45
9271.57,4153.45,19.72,12.35,-66.22,6913234.7,44
9272.59,5652.92,19.72,13.3,-63.97,6917388.16,45
9270.76,4153.45,19.72,16.1,-64.02,6923041.08,44
9271.49,5652.92,19.72,13.16,-64.17,6927194.53,45
9271.96,4153.45,19.72,13.65,-64.9,6932847.45,44
9271.9,5652.92,19.72,11.72,-65.28,6937000.9,45
9270.8,4153.45,19.72,14.07,-65.59,6942653.82,44
9270.83,5652.92,19.72,12.67,-64.76,6946807.27,45
9271.52,4153.45,19.72,12.29,-66.61,6952460.19,44
9271.66,5652.92,19.72,12.88,-65.17,6956613.64,45
9271.54,4153.45,19.72,13.89,-64.06,6962266.56,44
9271.69,5652.92,19.72,13.14,-64.88,6966420.01,45
9207.25,4309.41,31.79,13.63,-58.19,7057414.64,2
11518.44,3896.03,25.88,352.92,-72.65,7060124.91,46
9206.8,4585.63,31.79,14.35,-59.88,7061724.05,2
11520.1,3805.07,25.88,353.37,-73.76,7064020.94,46
9207.4,3833.45,31.79,13.18,-58.57,7066309.68,2
11520.27,5476.7,25.88,354.58,-72.22,7067826.0,47
9207.42,4309.41,31.79,14.03,-57.01,7070143.14,2
11519.42,3896.03,25.88,354.9,-75.03,7073302.7,46
9206.72,4585.63,31.79,13.87,-57.18,7074452.55,2
11520.22,3805.07,25.88,353.72,-72.95,7077198.73,46
9207.38,3833.45,31.79,14.38,-56.96,7079038.18,2
11519.19,5476.7,25.88,351.97,-72.97,7081003.79,47
9207.0,4309.41,31.79,13.34,-57.49,7082871.63,2
11519.93,3896.03,25.88,354.49,-72.49,7086480.49,46
9207.13,4585.63,31.79,15.07,-57.7,7087181.05,2
11519.84,3805.07,25.88,352.86,-72.31,7090376.52,46
9206.89,3833.45,31.79,14.29,-58.97,7091766.68,2
11519.14,5476.7,25.88,354.89,-73.17,7094181.58,47
9207.67,4309.41,31.79,12.56,-56.85,7095600.13,2
11519.63,3896.03,25.88,354.65,-72.08,7099658.28,46
9207.36,4585.63,31.79,13.79,-57.3,7099909.54,2
11520.04,3805.07,25.88,352.97,-72.32,7103554.31,46
9207.46,3833.45,31.79,15.28,-56.75,7104495.17,2
11519.25,5476.7,25.88,354.57,-74.51,7107359.37,47
9207.38,4309.41,31.79,13.08,-58.61,7108328.63,2
9207.16,4585.63,31.79,15.03,-58.52,7112638.04,2
11519.61,3896.03,25.88,352.97,-72.21,7112836.07,46
11520.22,3805.07,25.88,353.99,-72.92,7116732.1,46
9207.01,3833.45,31.79,15.8,-58.17,7117223.67,2
11520.01,5476.7,25.88,354.91,-73.04,7120537.17,47
9206.88,4309.41,31.79,14.73,-58.12,7121057.12,2
9206.51,4585.63,31.79,14.99,-58.81,7125366.54,2
11519.41,3896.03,25.88,354.43,-74.94,7126013.86,46
11520.11,3805.07,25.88,353.08,-73.32,7129909.89,46
9207.22,3833.45,31.79,13.88,-57.84,7129952.17,2
11520.12,5476.7,25.88,353.37,-72.43,7133714.96,47
9206.1,4309.41,31.79,13.62,-56.94,7133785.62,2
9207.83,4585.63,31.79,12.96,-57.15,7138095.04,2
11520.23,3896.03,25.88,353.9,-72.77,7139191.66,46
9206.82,3833.45,31.79,13.58,-58.39,7142680.67,2
11519.6,3805.07,25.88,353.9,-74.2,7143087.68,46
9207.25,4309.41,31.79,14.95,-57.8,7146514.12,2
11519.51,5476.7,25.88,352.5,-73.98,7146892.75,47
9207.14,4585.63,31.79,14.92,-58.87,7150823.53,2
11518.66,3896.03,25.88,354.05,-71.39,7152369.45,46
9207.16,3833.45,31.79,14.95,-57.54,7155409.16,2
11519.43,3805.07,25.88,354.75,-71.96,7156265.47,46
9206.97,4309.41,31.79,12.44,-57.76,7159242.62,2
11519.06,5476.7,25.88,352.8,-72.09,7160070.54,47
9206.41,4585.63,31.79,13.74,-56.89,7163552.03,2
11519.61,3896.03,25.88,352.5,-73.72,7165547.24,46
9207.5,3833.45,31.79,11.93,-57.87,7168137.66,2
11519.87,3805.07,25.88,352.99,-75.86,7169443.26,46
9207.04,4309.41,31.79,12.68,-57.73,7171971.11,2
11519.5,5476.7,25.88,353.55,-73.07,7173248.33,47
9206.95,4585.63,31.79,13.47,-57.94,7176280.53,2
11520.29,3896.03,25.88,353.84,-72.84,7178725.03,46
9206.89,3833.45,31.79,14.05,-58.66,7180866.16,2
11520.19,3805.07,25.88,353.8,-70.94,7182621.05,46
9206.93,4309.41,31.79,14.95,-56.97,7184699.61,2
11519.03,5476.7,25.88,352.85,-72.47,7186426.12,47
9206.35,4585.63,31.79,14.7,-56.67,7189009.02,2
11520.29,3896.03,25.88,353.59,-74.09,7191902.82,46
9207.98,3833.45,31.79,14.47,-59.12,7193594.65,2
11520.54,3805.07,25.88,352.99,-72.74,7195798.84,46
9207.52,4309.41,31.79,13.08,-58.41,7197428.11,2
11520.32,5476.7,25.88,353.34,-73.7,7199603.91,47
9207.39,4585.63,31.79,13.15,-59.21,7201737.52,2
11519.38,3896.03,25.88,354.69,-72.02,7205080.61,46
9207.43,3833.45,31.79,15.82,-56.82,7206323.15,2
11519.68,3805.07,25.88,355.67,-73.05,7208976.64,46
9207.55,4309.41,31.79,14.93,-57.43,7210156.6,2
11520.3,5476.7,25.88,353.35,-70.75,7212781.7,47
9207.43,4585.63,31.79,14.85,-59.44,7214466.02,2
11520.44,3896.03,25.88,353.66,-71.65,7218258.4,46
9207.3,3833.45,31.79,13.87,-57.99,7219051.65,2
11520.35,3805.07,25.88,355.34,-75.56,7222154.43,46
9206.97,4309.41,31.79,14.47,-58.89,7222885.1,2
11520.02,5476.7,25.88,354.33,-72.61,7225959.49,47
11519.77,3896.03,25.88,354.03,-71.8,7231436.19,46
11090.63,2055.45,29.37,130.73,-77.37,7337753.06,29
11091.06,4597.52,29.37,130.21,-79.07,7339808.51,11
11091.01,2055.45,29.37,129.37,-79.55,7344406.03,29
11090.91,4597.52,29.37,129.26,-79.64,7346461.47,11
11090.68,2055.45,29.37,130.89,-80.4,7351058.99,29
11091.06,4597.52,29.37,130.53,-78.48,7353114.44,11
11090.28,2055.45,29.37,128.04,-78.71,7357711.95,29
11090.78,4597.52,29.37,130.74,-79.97,7359767.4,11
11091.06,2055.45,29.37,130.79,-79.36,7364364.92,29
11090.89,4597.52,29.37,130.12,-80.09,7366420.37,11
11090.95,2055.45,29.37,131.36,-79.25,7371017.88,29
11089.95,4597.52,29.37,129.05,-81.05,7373073.33,11
11091.33,2055.45,29.37,130.5,-79.77,7377670.85,29
11089.97,4597.52,29.37,128.9,-79.91,7379726.29,11
11090.74,2055.45,29.37,129.81,-77.93,7384323.81,29
11090.34,4597.52,29.37,128.23,-80.43,7386379.26,11
11090.67,2055.45,29.37,129.01,-79.56,7390976.77,29
11090.46,4597.52,29.37,130.73,-79.86,7393032.22,11
11090.5,2055.45,29.37,130.45,-79.83,7397629.74,29
11090.9,4597.52,29.37,130.07,-79.13,7399685.19,11
11090.12,2055.45,29.37,130.96,-77.05,7404282.7,29
11090.69,4597.52,29.37,128.69,-79.24,7406338.15,11
11091.18,2055.45,29.37,129.12,-79.4,7410935.66,29
11090.85,4597.52,29.37,130.94,-78.49,7412991.11,11
11091.09,2055.45,29.37,129.31,-78.87,7417588.63,29
11090.32,4597.52,29.37,130.58,-78.12,7419644.08,11
11090.96,2055.45,29.37,129.37,-79.47,7424241.59,29
11091.59,4597.52,29.37,129.38,-78.22,7426297.04,11
11090.85,2055.45,29.37,129.4,-80.61,7430894.56,29
11090.79,4597.52,29.37,129.83,-77.46,7432950.0,11
11090.25,2055.45,29.37,132.03,-78.89,7437547.52,29
11090.87,4597.52,29.37,129.14,-78.95,7439602.97,11
11090.92,2055.45,29.37,130.67,-80.25,7444200.48,29
11091.39,4597.52,29.37,130.1,-78.66,7446255.93,11
11090.57,2055.45,29.37,128.81,-79.2,7450853.45,29
11090.78,4597.52,29.37,128.35,-78.48,7452908.9,11
11091.18,2055.45,29.37,129.01,-80.29,7457506.41,29
11090.53,4597.52,29.37,129.76,-79.53,7459561.86,11
11090.65,2055.45,29.37,129.96,-80.64,7464159.37,29
11090.06,4597.52,29.37,127.01,-78.33,7466214.82,11
11431.8,2771.48,22.33,258.75,-32.42,7643283.14,48
11432.43,2370.86,22.33,259.96,-31.33,7646054.62,48
11431.83,4128.89,22.33,259.82,-33.18,7648425.48,49
11432.03,2771.48,22.33,258.77,-34.4,7652554.37,48
11430.95,2370.86,22.33,258.27,-31.93,7655325.85,48
11431.41,4128.89,22.33,258.34,-31.58,7657696.71,49
11431.46,2771.48,22.33,260.26,-31.18,7661825.61,48
11431.75,2370.86,22.33,259.68,-31.73,7664597.09,48
11431.62,4128.89,22.33,259.79,-31.34,7666967.95,49
11431.26,2771.48,22.33,259.08,-32.2,7671096.84,48
11432.16,2370.86,22.33,258.48,-32.94,7673868.32,48
11431.82,4128.89,22.33,260.11,-33.54,7676239.18,49
11431.23,2771.48,22.33,258.41,-32.69,7680368.07,48
11430.86,2370.86,22.33,260.43,-32.47,7683139.55,48
11431.6,4128.89,22.33,260.55,-31.63,7685510.41,49
11431.47,2771.48,22.33,259.09,-32.39,7689639.3,48
11432.46,2370.86,22.33,258.76,-33.79,7692410.79,48
11430.8,4128.89,22.33,260.4,-33.13,7694781.65,49
11432.07,2771.48,22.33,259.0,-32.76,7698910.54,48
11431.61,2370.86,22.33,260.51,-33.79,7701682.02,48
11431.55,4128.89,22.33,259.83,-33.63,7704052.88,49
11432.4,2771.48,22.33,259.82,-32.07,7708181.77,48
11431.49,2370.86,22.33,257.52,-31.64,7710953.25,48
11433.11,4128.89,22.33,259.07,-34.17,7713324.11,49
11431.97,2771.48,22.33,259.79,-33.26,7717453.0,48
11431.42,2370.86,22.33,258.18,-32.88,7720224.49,48
11431.65,4128.89,22.33,258.07,-33.58,7722595.35,49
11431.83,2771.48,22.33,258.75,-32.78,7726724.24,48
11431.78,2370.86,22.33,257.41,-32.08,7729495.72,48
11431.53,4128.89,22.33,259.17,-31.94,7731866.58,49
11432.31,2771.48,22.33,259.03,-31.28,7735995.47,48
11431.58,2370.86,22.33,258.65,-32.43,7738766.95,48
11432.13,4128.89,22.33,259.56,-32.21,7741137.81,49
11431.13,2771.48,22.33,259.54,-33.21,7745266.7,48
11431.28,2370.86,22.33,257.79,-32.43,7748038.19,48
11432.35,4128.89,22.33,257.96,-30.67,7750409.04,49
11432.19,2771.48,22.33,257.46,-32.73,7754537.94,48
11431.22,2370.86,22.33,259.59,-33.33,7757309.42,48
11430.93,4128.89,22.33,258.6,-31.17,7759680.28,49
11431.64,2771.48,22.33,259.33,-31.91,7763809.17,48
9030.27,5823.37,34.95,358.05,-43.87,7765230.92,50
9030.4,2946.86,34.95,357.51,-42.96,7771054.29,51
9030.68,5823.37,34.95,358.7,-43.4,7774001.15,50
9030.44,2946.86,34.95,359.79,-43.27,7779824.52,51
9031.16,5823.37,34.95,357.36,-42.75,7782771.38,50
9030.16,2946.86,34.95,357.8,-43.75,7788594.76,51
9030.29,5823.37,34.95,357.88,-42.12,7791541.62,50
9030.55,2946.86,34.95,358.58,-43.8,7797364.99,51
9030.96,5823.37,34.95,358.71,-43.65,7800311.85,50
9029.74,2946.86,34.95,358.57,-42.77,7806135.22,51
9030.04,5823.37,34.95,358.06,-42.8,7809082.08,50
9029.74,2946.86,34.95,357.7,-42.97,7814905.46,51
9031.08,5823.37,34.95,360.54,-41.38,7817852.32,50
9030.6,2946.86,34.95,357.87,-42.42,7823675.69,51
9030.26,5823.37,34.95,357.59,-43.65,7826622.55,50
9030.31,2946.86,34.95,358.76,-43.94,7832445.92,51
9030.57,5823.37,34.95,359.95,-43.22,7835392.79,50
9031.29,2946.86,34.95,359.55,-42.75,7841216.16,51
9030.35,5823.37,34.95,359.39,-43.59,7844163.02,50
9030.53,2946.86,34.95,358.68,-43.35,7849986.39,51
9030.17,5823.37,34.95,356.82,-42.38,7852933.25,50
9030.81,2946.86,34.95,356.63,-44.09,7858756.63,51
9030.62,5823.37,34.95,358.79,-44.86,7861703.49,50
9030.48,2946.86,34.95,358.89,-43.69,7867526.86,51
9030.66,5823.37,34.95,357.86,-42.43,7870473.72,50
9030.13,2946.86,34.95,357.21,-43.31,7876297.09,51
9029.81,5823.37,34.95,356.25,-42.26,7879243.95,50
9030.04,2946.86,34.95,357.02,-44.15,7885067.33,51
9030.1,5823.37,34.95,358.21,-44.44,7888014.19,50
9030.78,2946.86,34.95,359.0,-44.62,7893837.56,51
9030.22,5823.37,34.95,357.83,-43.51,7896784.42,50
9031.07,2946.86,34.95,359.49,-40.84,7902607.79,51
9029.39,5823.37,34.95,357.43,-41.53,7905554.66,50
9029.63,2946.86,34.95,360.14,-43.19,7911378.03,51
9030.62,5823.37,34.95,357.07,-43.79,7914324.89,50
9031.4,2946.86,34.95,358.3,-43.79,7920148.26,51
9030.73,5823.37,34.95,358.16,-43.0,7923095.12,50
9030.1,2946.86,34.95,358.27,-43.98,7928918.5,51
9029.63,5823.37,34.95,358.83,-44.58,7931865.36,50
9030.45,2946.86,34.95,359.28,-44.84,7937688.73,51
